#
# There is insufficient memory for the Java Runtime Environment to continue.
# Native memory allocation (malloc) failed to allocate 3071768 bytes. Error detail: Chunk::new
# Possible reasons:
#   The system is out of physical RAM or swap space
#   This process is running with CompressedOops enabled, and the Java Heap may be blocking the growth of the native heap
# Possible solutions:
#   Reduce memory load on the system
#   Increase physical memory or swap space
#   Check if swap backing store is full
#   Decrease Java heap size (-Xmx/-Xms)
#   Decrease number of Java threads
#   Decrease Java thread stack sizes (-Xss)
#   Set larger code cache with -XX:ReservedCodeCacheSize=
#   JVM is running with Unscaled Compressed Oops mode in which the Java heap is
#     placed in the first 4GB address space. The Java Heap base address is the
#     maximum limit for the native heap growth. Please use -XX:HeapBaseMinAddress
#     to set the Java Heap base and to place the Java Heap above 4GB virtual address.
# This output file may be truncated or incomplete.
#
#  Out of Memory Error (arena.cpp:186), pid=25160, tid=17936
#
# JRE version: OpenJDK Runtime Environment Temurin-25.0.3+9 (25.0.3+9) (build 25.0.3+9-LTS)
# Java VM: OpenJDK 64-Bit Server VM Temurin-25.0.3+9 (25.0.3+9-LTS, mixed mode, sharing, tiered, compressed oops, compressed class ptrs, g1 gc, windows-amd64)
# No core dump will be written. Minidumps are not enabled by default on client versions of Windows
#

---------------  S U M M A R Y ------------

Command Line: --add-opens=java.base/java.lang=ALL-UNNAMED --add-opens=java.base/java.lang.invoke=ALL-UNNAMED --add-opens=java.base/java.util=ALL-UNNAMED --add-opens=java.prefs/java.util.prefs=ALL-UNNAMED --add-exports=jdk.compiler/com.sun.tools.javac.api=ALL-UNNAMED --add-exports=jdk.compiler/com.sun.tools.javac.util=ALL-UNNAMED --add-opens=java.base/java.nio.charset=ALL-UNNAMED --add-opens=java.base/java.net=ALL-UNNAMED --add-opens=java.base/java.util.concurrent=ALL-UNNAMED --add-opens=java.base/java.util.concurrent.atomic=ALL-UNNAMED --add-opens=java.xml/javax.xml.namespace=ALL-UNNAMED --add-opens=java.base/java.time=ALL-UNNAMED --enable-native-access=ALL-UNNAMED -Xmx2048m -Dfile.encoding=UTF-8 -Duser.country=CN -Duser.language=zh -Duser.variant -javaagent:D:\Gradle\.gradle\wrapper\dists\gradle-9.6.0-bin\42k10rwplmzkhuboz9kdazi7s\gradle-9.6.0\lib\agents\gradle-instrumentation-agent-9.6.0.jar org.gradle.launcher.daemon.bootstrap.GradleDaemon 9.6.0

Host: Intel(R) Core(TM) Ultra 5 225H, 14 cores, 31G,  Windows 11 , 64 bit Build 26100 (10.0.26100.9444)
Time: Sun Oct  4 17:26:59 2026 elapsed time: 3700.731612 seconds (0d 1h 1m 40s)

---------------  T H R E A D  ---------------

Current thread (0x00000159f2473630):  JavaThread "C2 CompilerThread0" daemon [_thread_in_native, id=17936, stack(0x0000004e8b200000,0x0000004e8b300000) (1024K)]


Current CompileTask:
C2:3700731 58194   !   4       org.gradle.internal.execution.impl.DefaultInputFingerprinter$InputCollectingVisitor::visitInputFileProperty (152 bytes)

Stack: [0x0000004e8b200000,0x0000004e8b300000]
Native frames: (J=compiled Java code, j=interpreted, Vv=VM code, C=native code)
V  [jvm.dll+0x7aa709]  (no source info available)
V  [jvm.dll+0x7749ed]  (no source info available)
V  [jvm.dll+0x9f7433]  (no source info available)
V  [jvm.dll+0x9f9a21]  (no source info available)
V  [jvm.dll+0x9fa133]  (no source info available)
V  [jvm.dll+0x2fd266]  (no source info available)
V  [jvm.dll+0x1113c6]  (no source info available)
V  [jvm.dll+0x1116ee]  (no source info available)
V  [jvm.dll+0x1a0342]  (no source info available)
V  [jvm.dll+0x3b67e2]  (no source info available)
V  [jvm.dll+0x7b007c]  (no source info available)
V  [jvm.dll+0x2c0847]  (no source info available)
V  [jvm.dll+0x2bf80f]  (no source info available)
V  [jvm.dll+0x2374a0]  (no source info available)
V  [jvm.dll+0x2cf906]  (no source info available)
V  [jvm.dll+0x2cdb8a]  (no source info available)
V  [jvm.dll+0x49070e]  (no source info available)
V  [jvm.dll+0x99894d]  (no source info available)
V  [jvm.dll+0x7a8ce5]  (no source info available)
C  [ucrtbase.dll+0x2cd30]  (no source info available)
C  [KERNEL32.DLL+0x2cd87]  (no source info available)
C  [ntdll.dll+0xacaec]  (no source info available)

Lock stack of current Java thread (top to bottom):


---------------  P R O C E S S  ---------------

Threads class SMR info:
_java_thread_list=0x00000159fd6e2e00, length=85, elements={
0x00000159d2fa8d50, 0x00000159f24509e0, 0x00000159f24521b0, 0x00000159f2454450,
0x00000159f2455010, 0x00000159f245a750, 0x00000159f245ba50, 0x00000159f2473630,
0x00000159f249c5c0, 0x00000159f27a9fe0, 0x00000159f2840340, 0x00000159f92d8340,
0x00000159f9665010, 0x00000159f95ccff0, 0x00000159f91d8f80, 0x00000159f91d58d0,
0x00000159f91d7810, 0x00000159f9c203b0, 0x00000159f9c23a60, 0x00000159f9c26940,
0x00000159f274a960, 0x00000159f2746310, 0x00000159f2746ae0, 0x00000159f274a190,
0x00000159fcb30470, 0x00000159f80a1050, 0x00000159fbd73a40, 0x00000159fbd74210,
0x00000159fbd751b0, 0x00000159fa74a360, 0x00000159fd1a9960, 0x00000159fd9998e0,
0x00000159fd9971d0, 0x00000159fa740720, 0x00000159fa73ff50, 0x00000159fa73e010,
0x00000159fa73d840, 0x00000159fa7416c0, 0x00000159fa741e90, 0x000001598bbae080,
0x000001598c18bfb0, 0x00000159fa004fa0, 0x000001598bbaf020, 0x00000159844fca40,
0x00000159844fd210, 0x000001598c18cf50, 0x00000159f70d5450, 0x00000159f70d5c20,
0x00000159f70d3510, 0x00000159f70d2570, 0x00000159f70d44b0, 0x000001598c18e6c0,
0x000001598bbb1730, 0x00000159f9924ce0, 0x00000159f9925c80, 0x00000159f99273f0,
0x0000015984548240, 0x00000159ff5b6610, 0x00000159ff5b3f00, 0x00000159ff5b46d0,
0x00000159ff5b5670, 0x00000159ff0c0ea0, 0x00000159ff0bdfc0, 0x00000159ff0c1670,
0x00000159ff0be790, 0x00000159ff0c06d0, 0x00000159ff0bef60, 0x00000159fa7cfee0,
0x00000159fa7ce770, 0x00000159fd0b1e30, 0x00000159fd0b2dd0, 0x0000015985e41f50,
0x00000159fd0b0e90, 0x00000159fd0b1660, 0x00000159fd0b35a0, 0x00000159fd0b3d70,
0x000001598b02abc0, 0x000001598b02b390, 0x000001598b0284b0, 0x000001598b029450,
0x000001598b537930, 0x000001598b7f04b0, 0x000001598b7f0c80, 0x000001598b7f3390,
0x000001598b8107d0
}

Java Threads: ( => current thread )
  0x00000159d2fa8d50 JavaThread "main"                              [_thread_blocked, id=472, stack(0x0000004e8a400000,0x0000004e8a500000) (1024K)]
  0x00000159f24509e0 JavaThread "Reference Handler"          daemon [_thread_blocked, id=34188, stack(0x0000004e8ac00000,0x0000004e8ad00000) (1024K)]
  0x00000159f24521b0 JavaThread "Finalizer"                  daemon [_thread_blocked, id=2920, stack(0x0000004e8ad00000,0x0000004e8ae00000) (1024K)]
  0x00000159f2454450 JavaThread "Signal Dispatcher"          daemon [_thread_blocked, id=33100, stack(0x0000004e8ae00000,0x0000004e8af00000) (1024K)]
  0x00000159f2455010 JavaThread "Attach Listener"            daemon [_thread_blocked, id=19164, stack(0x0000004e8af00000,0x0000004e8b000000) (1024K)]
  0x00000159f245a750 JavaThread "Service Thread"             daemon [_thread_blocked, id=33228, stack(0x0000004e8b000000,0x0000004e8b100000) (1024K)]
  0x00000159f245ba50 JavaThread "Monitor Deflation Thread"   daemon [_thread_blocked, id=13772, stack(0x0000004e8b100000,0x0000004e8b200000) (1024K)]
=>0x00000159f2473630 JavaThread "C2 CompilerThread0"         daemon [_thread_in_native, id=17936, stack(0x0000004e8b200000,0x0000004e8b300000) (1024K)]
  0x00000159f249c5c0 JavaThread "C1 CompilerThread0"         daemon [_thread_blocked, id=31996, stack(0x0000004e8b300000,0x0000004e8b400000) (1024K)]
  0x00000159f27a9fe0 JavaThread "Common-Cleaner"             daemon [_thread_blocked, id=2640, stack(0x0000004e8b400000,0x0000004e8b500000) (1024K)]
  0x00000159f2840340 JavaThread "Notification Thread"        daemon [_thread_blocked, id=22776, stack(0x0000004e8b500000,0x0000004e8b600000) (1024K)]
  0x00000159f92d8340 JavaThread "Daemon health stats"               [_thread_blocked, id=10708, stack(0x0000004e8c200000,0x0000004e8c300000) (1024K)]
  0x00000159f9665010 JavaThread "Incoming local TCP Connector on port 58777"        [_thread_in_native, id=22816, stack(0x0000004e8c300000,0x0000004e8c400000) (1024K)]
  0x00000159f95ccff0 JavaThread "Daemon periodic checks"            [_thread_blocked, id=30356, stack(0x0000004e8c400000,0x0000004e8c500000) (1024K)]
  0x00000159f91d8f80 JavaThread "Cache worker for journal cache (D:\Gradle\.gradle\caches\journal-1)"        [_thread_blocked, id=27052, stack(0x0000004e8cc00000,0x0000004e8cd00000) (1024K)]
  0x00000159f91d58d0 JavaThread "File lock request listener"        [_thread_in_native, id=9008, stack(0x0000004e8cd00000,0x0000004e8ce00000) (1024K)]
  0x00000159f91d7810 JavaThread "Cache worker for file hash cache (D:\Gradle\.gradle\caches\9.6.0\fileHashes)"        [_thread_blocked, id=34300, stack(0x0000004e8ce00000,0x0000004e8cf00000) (1024K)]
  0x00000159f9c203b0 JavaThread "File watcher server"        daemon [_thread_in_native, id=28816, stack(0x0000004e8b700000,0x0000004e8b800000) (1024K)]
  0x00000159f9c23a60 JavaThread "File watcher consumer"      daemon [_thread_blocked, id=23320, stack(0x0000004e8d200000,0x0000004e8d300000) (1024K)]
  0x00000159f9c26940 JavaThread "Cache worker for file content cache (D:\Gradle\.gradle\caches\9.6.0\fileContent)"        [_thread_blocked, id=34596, stack(0x0000004e8d400000,0x0000004e8d500000) (1024K)]
  0x00000159f274a960 JavaThread "Memory manager"                    [_thread_blocked, id=35260, stack(0x0000004e8e700000,0x0000004e8e800000) (1024K)]
  0x00000159f2746310 JavaThread "jar transforms"                    [_thread_blocked, id=36172, stack(0x0000004e8d300000,0x0000004e8d400000) (1024K)]
  0x00000159f2746ae0 JavaThread "jar transforms Thread 2"           [_thread_blocked, id=35492, stack(0x0000004e8d700000,0x0000004e8d800000) (1024K)]
  0x00000159f274a190 JavaThread "jar transforms Thread 3"           [_thread_blocked, id=28948, stack(0x0000004e8d800000,0x0000004e8d900000) (1024K)]
  0x00000159fcb30470 JavaThread "jar transforms Thread 4"           [_thread_blocked, id=25008, stack(0x0000004e8e900000,0x0000004e8ea00000) (1024K)]
  0x00000159f80a1050 JavaThread "jar transforms Thread 5"           [_thread_blocked, id=36768, stack(0x0000004e8ea00000,0x0000004e8eb00000) (1024K)]
  0x00000159fbd73a40 JavaThread "jar transforms Thread 6"           [_thread_blocked, id=28560, stack(0x0000004e8eb00000,0x0000004e8ec00000) (1024K)]
  0x00000159fbd74210 JavaThread "jar transforms Thread 7"           [_thread_blocked, id=36072, stack(0x0000004e8ec00000,0x0000004e8ed00000) (1024K)]
  0x00000159fbd751b0 JavaThread "jar transforms Thread 8"           [_thread_blocked, id=31356, stack(0x0000004e8ed00000,0x0000004e8ee00000) (1024K)]
  0x00000159fa74a360 JavaThread "RMI Scheduler(0)"           daemon [_thread_blocked, id=36132, stack(0x0000004e90200000,0x0000004e90300000) (1024K)]
  0x00000159fd1a9960 JavaThread "RMI GC Daemon"              daemon [_thread_blocked, id=20880, stack(0x0000004e90600000,0x0000004e90700000) (1024K)]
  0x00000159fd9998e0 JavaThread "RMI TCP Accept-0"           daemon [_thread_in_native, id=28800, stack(0x0000004e90700000,0x0000004e90800000) (1024K)]
  0x00000159fd9971d0 JavaThread "RMI Reaper"                        [_thread_blocked, id=33904, stack(0x0000004e90800000,0x0000004e90900000) (1024K)]
  0x00000159fa740720 JavaThread "jar transforms Thread 9"           [_thread_blocked, id=18392, stack(0x0000004e8d600000,0x0000004e8d700000) (1024K)]
  0x00000159fa73ff50 JavaThread "jar transforms Thread 10"          [_thread_blocked, id=33556, stack(0x0000004e8d900000,0x0000004e8da00000) (1024K)]
  0x00000159fa73e010 JavaThread "jar transforms Thread 11"          [_thread_blocked, id=32004, stack(0x0000004e8da00000,0x0000004e8db00000) (1024K)]
  0x00000159fa73d840 JavaThread "jar transforms Thread 12"          [_thread_blocked, id=27576, stack(0x0000004e8db00000,0x0000004e8dc00000) (1024K)]
  0x00000159fa7416c0 JavaThread "jar transforms Thread 13"          [_thread_blocked, id=19784, stack(0x0000004e8dc00000,0x0000004e8dd00000) (1024K)]
  0x00000159fa741e90 JavaThread "jar transforms Thread 14"          [_thread_blocked, id=23540, stack(0x0000004e8dd00000,0x0000004e8de00000) (1024K)]
  0x000001598bbae080 JavaThread "RMI RenewClean-[127.0.0.1:17246,org.jetbrains.kotlin.daemon.common.LoopbackNetworkInterface$ClientLoopbackSocketFactory@57503b]" daemon [_thread_blocked, id=27344, stack(0x0000004e90500000,0x0000004e90600000) (1024K)]
  0x000001598c18bfb0 JavaThread "RMI TCP Connection(idle)"   daemon [_thread_blocked, id=37204, stack(0x0000004e90900000,0x0000004e90a00000) (1024K)]
  0x00000159fa004fa0 JavaThread "Daemon Thread 9"                   [_thread_blocked, id=33368, stack(0x0000004e8a100000,0x0000004e8a200000) (1024K)]
  0x000001598bbaf020 JavaThread "Handler for socket connection from /127.0.0.1:58777 to /127.0.0.1:55354"        [_thread_in_native, id=36064, stack(0x0000004e8a200000,0x0000004e8a300000) (1024K)]
  0x00000159844fca40 JavaThread "Cancel handler"                    [_thread_blocked, id=36420, stack(0x0000004e8a300000,0x0000004e8a400000) (1024K)]
  0x00000159844fd210 JavaThread "Daemon worker Thread 9"            [_thread_blocked, id=29224, stack(0x0000004e8b600000,0x0000004e8b700000) (1024K)]
  0x000001598c18cf50 JavaThread "Asynchronous log dispatcher for DefaultDaemonConnection: socket connection from /127.0.0.1:58777 to /127.0.0.1:55354"        [_thread_blocked, id=10908, stack(0x0000004e8c500000,0x0000004e8c600000) (1024K)]
  0x00000159f70d5450 JavaThread "Stdin handler"                     [_thread_blocked, id=24680, stack(0x0000004e8c600000,0x0000004e8c700000) (1024K)]
  0x00000159f70d5c20 JavaThread "Daemon client event forwarder"        [_thread_blocked, id=23388, stack(0x0000004e8c700000,0x0000004e8c800000) (1024K)]
  0x00000159f70d3510 JavaThread "Cache worker for file hash cache (E:\VibeCoding\Classpp\.gradle\9.6.0\fileHashes)"        [_thread_blocked, id=35900, stack(0x0000004e8c800000,0x0000004e8c900000) (1024K)]
  0x00000159f70d2570 JavaThread "Cache worker for checksums cache (E:\VibeCoding\Classpp\.gradle\9.6.0\checksums)"        [_thread_blocked, id=3972, stack(0x0000004e8c900000,0x0000004e8ca00000) (1024K)]
  0x00000159f70d44b0 JavaThread "Cache worker for Build Output Cleanup Cache (E:\VibeCoding\Classpp\.gradle\buildOutputCleanup)"        [_thread_blocked, id=35256, stack(0x0000004e8ca00000,0x0000004e8cb00000) (1024K)]
  0x000001598c18e6c0 JavaThread "Cache worker for cache directory md-supplier (D:\Gradle\.gradle\caches\9.6.0\md-supplier)"        [_thread_blocked, id=11660, stack(0x0000004e8cb00000,0x0000004e8cc00000) (1024K)]
  0x000001598bbb1730 JavaThread "Cache worker for cache directory md-rule (D:\Gradle\.gradle\caches\9.6.0\md-rule)"        [_thread_blocked, id=30944, stack(0x0000004e8d100000,0x0000004e8d200000) (1024K)]
  0x00000159f9924ce0 JavaThread "build event listener"              [_thread_blocked, id=33344, stack(0x0000004e8de00000,0x0000004e8df00000) (1024K)]
  0x00000159f9925c80 JavaThread "build event listener"              [_thread_blocked, id=8108, stack(0x0000004e8df00000,0x0000004e8e000000) (1024K)]
  0x00000159f99273f0 JavaThread "Build operations"                  [_thread_blocked, id=36300, stack(0x0000004e8e000000,0x0000004e8e100000) (1024K)]
  0x0000015984548240 JavaThread "C2 CompilerThread1"         daemon [_thread_in_native, id=37452, stack(0x0000004e8d500000,0x0000004e8d600000) (1024K)]
  0x00000159ff5b6610 JavaThread "included builds"                   [_thread_blocked, id=34408, stack(0x0000004e8e100000,0x0000004e8e200000) (1024K)]
  0x00000159ff5b3f00 JavaThread "Execution worker"                  [_thread_blocked, id=37332, stack(0x0000004e8e200000,0x0000004e8e300000) (1024K)]
  0x00000159ff5b46d0 JavaThread "Execution worker Thread 2"         [_thread_blocked, id=32912, stack(0x0000004e8e300000,0x0000004e8e400000) (1024K)]
  0x00000159ff5b5670 JavaThread "Execution worker Thread 3"         [_thread_blocked, id=27084, stack(0x0000004e8e400000,0x0000004e8e500000) (1024K)]
  0x00000159ff0c0ea0 JavaThread "Execution worker Thread 4"         [_thread_blocked, id=33132, stack(0x0000004e8e500000,0x0000004e8e600000) (1024K)]
  0x00000159ff0bdfc0 JavaThread "Execution worker Thread 5"         [_thread_blocked, id=10484, stack(0x0000004e8e600000,0x0000004e8e700000) (1024K)]
  0x00000159ff0c1670 JavaThread "Execution worker Thread 6"         [_thread_blocked, id=36712, stack(0x0000004e8e800000,0x0000004e8e900000) (1024K)]
  0x00000159ff0be790 JavaThread "Execution worker Thread 7"         [_thread_in_Java, id=33912, stack(0x0000004e8ee00000,0x0000004e8ef00000) (1024K)]
  0x00000159ff0c06d0 JavaThread "Execution worker Thread 8"         [_thread_blocked, id=22680, stack(0x0000004e8ef00000,0x0000004e8f000000) (1024K)]
  0x00000159ff0bef60 JavaThread "Execution worker Thread 9"         [_thread_blocked, id=36428, stack(0x0000004e8f000000,0x0000004e8f100000) (1024K)]
  0x00000159fa7cfee0 JavaThread "Execution worker Thread 10"        [_thread_blocked, id=37100, stack(0x0000004e8f100000,0x0000004e8f200000) (1024K)]
  0x00000159fa7ce770 JavaThread "Execution worker Thread 11"        [_thread_blocked, id=36928, stack(0x0000004e8f200000,0x0000004e8f300000) (1024K)]
  0x00000159fd0b1e30 JavaThread "Execution worker Thread 12"        [_thread_blocked, id=35136, stack(0x0000004e8f300000,0x0000004e8f400000) (1024K)]
  0x00000159fd0b2dd0 JavaThread "Execution worker Thread 13"        [_thread_blocked, id=35248, stack(0x0000004e8f400000,0x0000004e8f500000) (1024K)]
  0x0000015985e41f50 JavaThread "Cache worker for execution history cache (E:\VibeCoding\Classpp\.gradle\9.6.0\executionHistory)"        [_thread_blocked, id=31176, stack(0x0000004e8f500000,0x0000004e8f600000) (1024K)]
  0x00000159fd0b0e90 JavaThread "Build operations Thread 2"         [_thread_blocked, id=9880, stack(0x0000004e8f600000,0x0000004e8f700000) (1024K)]
  0x00000159fd0b1660 JavaThread "Build operations Thread 4"         [_thread_blocked, id=37408, stack(0x0000004e8f700000,0x0000004e8f800000) (1024K)]
  0x00000159fd0b35a0 JavaThread "Build operations Thread 5"         [_thread_blocked, id=31876, stack(0x0000004e8f800000,0x0000004e8f900000) (1024K)]
  0x00000159fd0b3d70 JavaThread "Build operations Thread 6"         [_thread_blocked, id=36400, stack(0x0000004e8f900000,0x0000004e8fa00000) (1024K)]
  0x000001598b02abc0 JavaThread "Build operations Thread 7"         [_thread_blocked, id=18500, stack(0x0000004e8fa00000,0x0000004e8fb00000) (1024K)]
  0x000001598b02b390 JavaThread "Build operations Thread 8"         [_thread_blocked, id=31488, stack(0x0000004e8fb00000,0x0000004e8fc00000) (1024K)]
  0x000001598b0284b0 JavaThread "Build operations Thread 9"         [_thread_blocked, id=37640, stack(0x0000004e8fc00000,0x0000004e8fd00000) (1024K)]
  0x000001598b029450 JavaThread "Build operations Thread 10"        [_thread_blocked, id=36412, stack(0x0000004e8fd00000,0x0000004e8fe00000) (1024K)]
  0x000001598b537930 JavaThread "Build operations Thread 11"        [_thread_blocked, id=29292, stack(0x0000004e8fe00000,0x0000004e8ff00000) (1024K)]
  0x000001598b7f04b0 JavaThread "Build operations Thread 12"        [_thread_blocked, id=3444, stack(0x0000004e8ff00000,0x0000004e90000000) (1024K)]
  0x000001598b7f0c80 JavaThread "Build operations Thread 13"        [_thread_blocked, id=27168, stack(0x0000004e90000000,0x0000004e90100000) (1024K)]
  0x000001598b7f3390 JavaThread "Build operations Thread 14"        [_thread_blocked, id=37696, stack(0x0000004e90100000,0x0000004e90200000) (1024K)]
  0x000001598b8107d0 JavaThread "Build operations Thread 3"         [_thread_blocked, id=18360, stack(0x0000004e90300000,0x0000004e90400000) (1024K)]
Total: 85

Other Threads:
  0x00000159f243a3e0 VMThread "VM Thread"                           [id=27848, stack(0x0000004e8ab00000,0x0000004e8ac00000) (1024K)]
  0x00000159f242cac0 WatcherThread "VM Periodic Task Thread"        [id=28352, stack(0x0000004e8aa00000,0x0000004e8ab00000) (1024K)]
  0x00000159d3007080 WorkerThread "GC Thread#0"                     [id=23404, stack(0x0000004e8a500000,0x0000004e8a600000) (1024K)]
  0x00000159f7ea3270 WorkerThread "GC Thread#1"                     [id=2000, stack(0x0000004e8b800000,0x0000004e8b900000) (1024K)]
  0x00000159f7ea36a0 WorkerThread "GC Thread#2"                     [id=28132, stack(0x0000004e8b900000,0x0000004e8ba00000) (1024K)]
  0x00000159f7e88c10 WorkerThread "GC Thread#3"                     [id=10028, stack(0x0000004e8ba00000,0x0000004e8bb00000) (1024K)]
  0x00000159f7e89040 WorkerThread "GC Thread#4"                     [id=26952, stack(0x0000004e8bb00000,0x0000004e8bc00000) (1024K)]
  0x00000159f7ee9620 WorkerThread "GC Thread#5"                     [id=27312, stack(0x0000004e8bc00000,0x0000004e8bd00000) (1024K)]
  0x00000159f7ee3480 WorkerThread "GC Thread#6"                     [id=32840, stack(0x0000004e8bd00000,0x0000004e8be00000) (1024K)]
  0x00000159f7ee4170 WorkerThread "GC Thread#7"                     [id=4356, stack(0x0000004e8be00000,0x0000004e8bf00000) (1024K)]
  0x00000159f7ee1ef0 WorkerThread "GC Thread#8"                     [id=36068, stack(0x0000004e8bf00000,0x0000004e8c000000) (1024K)]
  0x00000159f7ee2790 WorkerThread "GC Thread#9"                     [id=33784, stack(0x0000004e8c000000,0x0000004e8c100000) (1024K)]
  0x00000159f7ee45c0 WorkerThread "GC Thread#10"                    [id=31968, stack(0x0000004e8c100000,0x0000004e8c200000) (1024K)]
  0x00000159d2bddfb0 ConcurrentGCThread "G1 Main Marker"            [id=13888, stack(0x0000004e8a600000,0x0000004e8a700000) (1024K)]
  0x00000159d2bdeb50 WorkerThread "G1 Conc#0"                       [id=16460, stack(0x0000004e8a700000,0x0000004e8a800000) (1024K)]
  0x00000159f7ee38d0 WorkerThread "G1 Conc#1"                       [id=15032, stack(0x0000004e8cf00000,0x0000004e8d000000) (1024K)]
  0x00000159f9994580 WorkerThread "G1 Conc#2"                       [id=33340, stack(0x0000004e8d000000,0x0000004e8d100000) (1024K)]
  0x00000159f22fd5b0 ConcurrentGCThread "G1 Refine#0"               [id=36592, stack(0x0000004e8a800000,0x0000004e8a900000) (1024K)]
  0x00000159f22fdf70 ConcurrentGCThread "G1 Service"                [id=29616, stack(0x0000004e8a900000,0x0000004e8aa00000) (1024K)]
Total: 19

Threads with active compile tasks:
C2 CompilerThread0  3700811 58194   !   4       org.gradle.internal.execution.impl.DefaultInputFingerprinter$InputCollectingVisitor::visitInputFileProperty (152 bytes)
C2 CompilerThread1  3700811 58214   !   4       org.gradle.internal.resources.AbstractResourceLockRegistry::whileDisallowingLockChanges (44 bytes)
Total: 2

VM state: not at safepoint (normal execution)

VM Mutex/Monitor currently owned by a thread: None

Heap address: 0x0000000080000000, size: 2048 MB, Compressed Oops mode: 32-bit

CDS archive(s) mapped at: [0x0000000021000000-0x0000000021dd0000-0x0000000021dd0000), size 14483456, SharedBaseAddress: 0x0000000021000000, ArchiveRelocationMode: 1.
Compressed class space mapped at: 0x0000000022000000-0x0000000062000000, reserved size: 1073741824
UseCompressedClassPointers 1, UseCompactObjectHeaders 0
Narrow klass pointer bits 32, Max shift 3
Narrow klass base: 0x0000000021000000, Narrow klass shift: 0
Encoding Range: [0x0000000021000000 - 0x0000000121000000), (4294967296 bytes)
Klass Range:    [0x0000000021010000 - 0x0000000062000000), (1090453504 bytes)
Klass ID Range:  [65536 - 1090519033) (1090453497)
Protection zone: [0x0000000021000000 - 0x0000000021010000), (65536 bytes)

GC Precious Log:
 CardTable entry size: 512
 Card Set container configuration: InlinePtr #cards 5 size 8 Array Of Cards #cards 10 size 36 Howl #buckets 4 coarsen threshold 1843 Howl Bitmap #cards 512 size 80 coarsen threshold 460 Card regions per heap region 1 cards per card region 2048
 CPUs: 14 total, 14 available
 Memory: 32189M
 Large Page Support: Disabled
 NUMA Support: Disabled
 Compressed Oops: Enabled (32-bit)
 Heap Region Size: 1M
 Heap Min Capacity: 8M
 Heap Initial Capacity: 504M
 Heap Max Capacity: 2G
 Pre-touch: Disabled
 Parallel Workers: 11
 Concurrent Workers: 3
 Concurrent Refinement Workers: 11
 Periodic GC: Disabled

Heap:
 garbage-first heap   total reserved 2097152K, committed 648192K, used 573317K [0x0000000080000000, 0x0000000100000000)
  region size 1024K, 344 young (352256K), 38 survivors (38912K)

Heap Regions: E=young(eden), S=young(survivor), O=old, HS=humongous(starts), HC=humongous(continues), CS=collection set, F=free, TAMS=top-at-mark-start, PB=parsable bottom
|   0|0x0000000080000000, 0x0000000080100000, 0x0000000080100000|100%|HS|  |TAMS 0x0000000080000000| PB 0x0000000080000000| Complete |  0
|   1|0x0000000080100000, 0x0000000080200000, 0x0000000080200000|100%|HC|  |TAMS 0x0000000080100000| PB 0x0000000080100000| Complete |  0
|   2|0x0000000080200000, 0x0000000080300000, 0x0000000080300000|100%|HC|  |TAMS 0x0000000080200000| PB 0x0000000080200000| Complete |  0
|   3|0x0000000080300000, 0x0000000080400000, 0x0000000080400000|100%|HC|  |TAMS 0x0000000080300000| PB 0x0000000080300000| Complete |  0
|   4|0x0000000080400000, 0x0000000080500000, 0x0000000080500000|100%| O|  |TAMS 0x0000000080400000| PB 0x0000000080400000| Untracked |  0
|   5|0x0000000080500000, 0x0000000080600000, 0x0000000080600000|100%| O|  |TAMS 0x0000000080500000| PB 0x0000000080500000| Untracked |  0
|   6|0x0000000080600000, 0x0000000080700000, 0x0000000080700000|100%|HS|  |TAMS 0x0000000080600000| PB 0x0000000080600000| Complete |  0
|   7|0x0000000080700000, 0x0000000080800000, 0x0000000080800000|100%| O|  |TAMS 0x0000000080700000| PB 0x0000000080700000| Untracked |  0
|   8|0x0000000080800000, 0x0000000080900000, 0x0000000080900000|100%| O|  |TAMS 0x0000000080800000| PB 0x0000000080800000| Untracked |  0
|   9|0x0000000080900000, 0x0000000080a00000, 0x0000000080a00000|100%| O|  |TAMS 0x0000000080900000| PB 0x0000000080900000| Untracked |  0
|  10|0x0000000080a00000, 0x0000000080b00000, 0x0000000080b00000|100%| O|  |TAMS 0x0000000080a00000| PB 0x0000000080a00000| Untracked |  0
|  11|0x0000000080b00000, 0x0000000080c00000, 0x0000000080c00000|100%| O|  |TAMS 0x0000000080b00000| PB 0x0000000080b00000| Untracked |  0
|  12|0x0000000080c00000, 0x0000000080d00000, 0x0000000080d00000|100%| O|  |TAMS 0x0000000080c00000| PB 0x0000000080c00000| Untracked |  0
|  13|0x0000000080d00000, 0x0000000080e00000, 0x0000000080e00000|100%| O|  |TAMS 0x0000000080d00000| PB 0x0000000080d00000| Untracked |  0
|  14|0x0000000080e00000, 0x0000000080f00000, 0x0000000080f00000|100%| O|  |TAMS 0x0000000080e00000| PB 0x0000000080e00000| Untracked |  0
|  15|0x0000000080f00000, 0x0000000081000000, 0x0000000081000000|100%| O|  |TAMS 0x0000000080f00000| PB 0x0000000080f00000| Untracked |  0
|  16|0x0000000081000000, 0x0000000081100000, 0x0000000081100000|100%| O|  |TAMS 0x0000000081000000| PB 0x0000000081000000| Untracked |  0
|  17|0x0000000081100000, 0x0000000081200000, 0x0000000081200000|100%| O|  |TAMS 0x0000000081100000| PB 0x0000000081100000| Untracked |  0
|  18|0x0000000081200000, 0x0000000081300000, 0x0000000081300000|100%| O|  |TAMS 0x0000000081200000| PB 0x0000000081200000| Untracked |  0
|  19|0x0000000081300000, 0x0000000081400000, 0x0000000081400000|100%| O|  |TAMS 0x0000000081300000| PB 0x0000000081300000| Untracked |  0
|  20|0x0000000081400000, 0x0000000081500000, 0x0000000081500000|100%| O|  |TAMS 0x0000000081400000| PB 0x0000000081400000| Untracked |  0
|  21|0x0000000081500000, 0x0000000081600000, 0x0000000081600000|100%| O|  |TAMS 0x0000000081500000| PB 0x0000000081500000| Untracked |  0
|  22|0x0000000081600000, 0x0000000081700000, 0x0000000081700000|100%| O|  |TAMS 0x0000000081600000| PB 0x0000000081600000| Untracked |  0
|  23|0x0000000081700000, 0x0000000081800000, 0x0000000081800000|100%| O|  |TAMS 0x0000000081700000| PB 0x0000000081700000| Untracked |  0
|  24|0x0000000081800000, 0x0000000081900000, 0x0000000081900000|100%| O|  |TAMS 0x0000000081800000| PB 0x0000000081800000| Untracked |  0
|  25|0x0000000081900000, 0x0000000081a00000, 0x0000000081a00000|100%| O|  |TAMS 0x0000000081900000| PB 0x0000000081900000| Untracked |  0
|  26|0x0000000081a00000, 0x0000000081b00000, 0x0000000081b00000|100%| O|  |TAMS 0x0000000081a00000| PB 0x0000000081a00000| Untracked |  0
|  27|0x0000000081b00000, 0x0000000081c00000, 0x0000000081c00000|100%| O|  |TAMS 0x0000000081b00000| PB 0x0000000081b00000| Untracked |  0
|  28|0x0000000081c00000, 0x0000000081d00000, 0x0000000081d00000|100%| O|  |TAMS 0x0000000081c00000| PB 0x0000000081c00000| Untracked |  0
|  29|0x0000000081d00000, 0x0000000081e00000, 0x0000000081e00000|100%| O|  |TAMS 0x0000000081d00000| PB 0x0000000081d00000| Untracked |  0
|  30|0x0000000081e00000, 0x0000000081f00000, 0x0000000081f00000|100%| O|  |TAMS 0x0000000081e00000| PB 0x0000000081e00000| Untracked |  0
|  31|0x0000000081f00000, 0x0000000082000000, 0x0000000082000000|100%| O|  |TAMS 0x0000000081f00000| PB 0x0000000081f00000| Untracked |  0
|  32|0x0000000082000000, 0x0000000082100000, 0x0000000082100000|100%| O|  |TAMS 0x0000000082000000| PB 0x0000000082000000| Untracked |  0
|  33|0x0000000082100000, 0x0000000082200000, 0x0000000082200000|100%| O|  |TAMS 0x0000000082100000| PB 0x0000000082100000| Untracked |  0
|  34|0x0000000082200000, 0x0000000082300000, 0x0000000082300000|100%| O|  |TAMS 0x0000000082200000| PB 0x0000000082200000| Untracked |  0
|  35|0x0000000082300000, 0x0000000082400000, 0x0000000082400000|100%| O|  |TAMS 0x0000000082300000| PB 0x0000000082300000| Untracked |  0
|  36|0x0000000082400000, 0x0000000082500000, 0x0000000082500000|100%| O|  |TAMS 0x0000000082400000| PB 0x0000000082400000| Untracked |  0
|  37|0x0000000082500000, 0x0000000082600000, 0x0000000082600000|100%| O|  |TAMS 0x0000000082500000| PB 0x0000000082500000| Untracked |  0
|  38|0x0000000082600000, 0x0000000082700000, 0x0000000082700000|100%| O|  |TAMS 0x0000000082600000| PB 0x0000000082600000| Untracked |  0
|  39|0x0000000082700000, 0x0000000082800000, 0x0000000082800000|100%|HS|  |TAMS 0x0000000082700000| PB 0x0000000082700000| Complete |  0
|  40|0x0000000082800000, 0x0000000082900000, 0x0000000082900000|100%| O|  |TAMS 0x0000000082800000| PB 0x0000000082800000| Untracked |  0
|  41|0x0000000082900000, 0x0000000082a00000, 0x0000000082a00000|100%| O|  |TAMS 0x0000000082900000| PB 0x0000000082900000| Untracked |  0
|  42|0x0000000082a00000, 0x0000000082b00000, 0x0000000082b00000|100%| O|  |TAMS 0x0000000082a00000| PB 0x0000000082a00000| Untracked |  0
|  43|0x0000000082b00000, 0x0000000082c00000, 0x0000000082c00000|100%| O|  |TAMS 0x0000000082b00000| PB 0x0000000082b00000| Untracked |  0
|  44|0x0000000082c00000, 0x0000000082d00000, 0x0000000082d00000|100%|HS|  |TAMS 0x0000000082c00000| PB 0x0000000082c00000| Complete |  0
|  45|0x0000000082d00000, 0x0000000082e00000, 0x0000000082e00000|100%|HS|  |TAMS 0x0000000082d00000| PB 0x0000000082d00000| Complete |  0
|  46|0x0000000082e00000, 0x0000000082f00000, 0x0000000082f00000|100%|HS|  |TAMS 0x0000000082e00000| PB 0x0000000082e00000| Complete |  0
|  47|0x0000000082f00000, 0x0000000083000000, 0x0000000083000000|100%|HC|  |TAMS 0x0000000082f00000| PB 0x0000000082f00000| Complete |  0
|  48|0x0000000083000000, 0x0000000083000000, 0x0000000083100000|  0%| F|  |TAMS 0x0000000083000000| PB 0x0000000083000000| Untracked |  0
|  49|0x0000000083100000, 0x0000000083200000, 0x0000000083200000|100%| O|  |TAMS 0x0000000083100000| PB 0x0000000083100000| Untracked |  0
|  50|0x0000000083200000, 0x0000000083200000, 0x0000000083300000|  0%| F|  |TAMS 0x0000000083200000| PB 0x0000000083200000| Untracked |  0
|  51|0x0000000083300000, 0x0000000083400000, 0x0000000083400000|100%| O|  |TAMS 0x0000000083300000| PB 0x0000000083300000| Untracked |  0
|  52|0x0000000083400000, 0x0000000083500000, 0x0000000083500000|100%| O|  |TAMS 0x0000000083400000| PB 0x0000000083400000| Untracked |  0
|  53|0x0000000083500000, 0x0000000083600000, 0x0000000083600000|100%| O|Cm|TAMS 0x0000000083500000| PB 0x0000000083500000| Complete |  0
|  54|0x0000000083600000, 0x0000000083700000, 0x0000000083700000|100%| O|Cm|TAMS 0x0000000083600000| PB 0x0000000083600000| Complete |  0
|  55|0x0000000083700000, 0x0000000083800000, 0x0000000083800000|100%|HS|  |TAMS 0x0000000083700000| PB 0x0000000083700000| Complete |  0
|  56|0x0000000083800000, 0x0000000083900000, 0x0000000083900000|100%|HS|  |TAMS 0x0000000083800000| PB 0x0000000083800000| Complete |  0
|  57|0x0000000083900000, 0x0000000083a00000, 0x0000000083a00000|100%|HS|  |TAMS 0x0000000083900000| PB 0x0000000083900000| Complete |  0
|  58|0x0000000083a00000, 0x0000000083b00000, 0x0000000083b00000|100%| O|  |TAMS 0x0000000083a00000| PB 0x0000000083a00000| Untracked |  0
|  59|0x0000000083b00000, 0x0000000083c00000, 0x0000000083c00000|100%|HS|  |TAMS 0x0000000083b00000| PB 0x0000000083b00000| Complete |  0
|  60|0x0000000083c00000, 0x0000000083d00000, 0x0000000083d00000|100%|HS|  |TAMS 0x0000000083c00000| PB 0x0000000083c00000| Complete |  0
|  61|0x0000000083d00000, 0x0000000083e00000, 0x0000000083e00000|100%|HS|  |TAMS 0x0000000083d00000| PB 0x0000000083d00000| Complete |  0
|  62|0x0000000083e00000, 0x0000000083f00000, 0x0000000083f00000|100%| O|  |TAMS 0x0000000083e00000| PB 0x0000000083e00000| Untracked |  0
|  63|0x0000000083f00000, 0x0000000084000000, 0x0000000084000000|100%| O|  |TAMS 0x0000000083f00000| PB 0x0000000083f00000| Untracked |  0
|  64|0x0000000084000000, 0x0000000084100000, 0x0000000084100000|100%| O|  |TAMS 0x0000000084000000| PB 0x0000000084000000| Untracked |  0
|  65|0x0000000084100000, 0x0000000084200000, 0x0000000084200000|100%| O|  |TAMS 0x0000000084100000| PB 0x0000000084100000| Untracked |  0
|  66|0x0000000084200000, 0x0000000084300000, 0x0000000084300000|100%|HS|  |TAMS 0x0000000084200000| PB 0x0000000084200000| Complete |  0
|  67|0x0000000084300000, 0x0000000084400000, 0x0000000084400000|100%|HC|  |TAMS 0x0000000084300000| PB 0x0000000084300000| Complete |  0
|  68|0x0000000084400000, 0x0000000084500000, 0x0000000084500000|100%| O|  |TAMS 0x0000000084400000| PB 0x0000000084400000| Untracked |  0
|  69|0x0000000084500000, 0x0000000084600000, 0x0000000084600000|100%| O|  |TAMS 0x0000000084500000| PB 0x0000000084500000| Untracked |  0
|  70|0x0000000084600000, 0x0000000084700000, 0x0000000084700000|100%| O|  |TAMS 0x0000000084600000| PB 0x0000000084600000| Untracked |  0
|  71|0x0000000084700000, 0x0000000084800000, 0x0000000084800000|100%| O|  |TAMS 0x0000000084700000| PB 0x0000000084700000| Untracked |  0
|  72|0x0000000084800000, 0x0000000084900000, 0x0000000084900000|100%| O|  |TAMS 0x0000000084800000| PB 0x0000000084800000| Untracked |  0
|  73|0x0000000084900000, 0x0000000084a00000, 0x0000000084a00000|100%| O|  |TAMS 0x0000000084900000| PB 0x0000000084900000| Untracked |  0
|  74|0x0000000084a00000, 0x0000000084b00000, 0x0000000084b00000|100%| O|  |TAMS 0x0000000084a00000| PB 0x0000000084a00000| Untracked |  0
|  75|0x0000000084b00000, 0x0000000084c00000, 0x0000000084c00000|100%|HS|  |TAMS 0x0000000084b00000| PB 0x0000000084b00000| Complete |  0
|  76|0x0000000084c00000, 0x0000000084d00000, 0x0000000084d00000|100%| O|  |TAMS 0x0000000084c00000| PB 0x0000000084c00000| Untracked |  0
|  77|0x0000000084d00000, 0x0000000084e00000, 0x0000000084e00000|100%| O|  |TAMS 0x0000000084d00000| PB 0x0000000084d00000| Untracked |  0
|  78|0x0000000084e00000, 0x0000000084f00000, 0x0000000084f00000|100%| O|  |TAMS 0x0000000084e00000| PB 0x0000000084e00000| Untracked |  0
|  79|0x0000000084f00000, 0x0000000085000000, 0x0000000085000000|100%| O|  |TAMS 0x0000000084f00000| PB 0x0000000084f00000| Untracked |  0
|  80|0x0000000085000000, 0x0000000085100000, 0x0000000085100000|100%| O|  |TAMS 0x0000000085000000| PB 0x0000000085000000| Untracked |  0
|  81|0x0000000085100000, 0x0000000085200000, 0x0000000085200000|100%| O|  |TAMS 0x0000000085100000| PB 0x0000000085100000| Untracked |  0
|  82|0x0000000085200000, 0x0000000085300000, 0x0000000085300000|100%| O|  |TAMS 0x0000000085200000| PB 0x0000000085200000| Untracked |  0
|  83|0x0000000085300000, 0x0000000085400000, 0x0000000085400000|100%| O|  |TAMS 0x0000000085300000| PB 0x0000000085300000| Untracked |  0
|  84|0x0000000085400000, 0x0000000085500000, 0x0000000085500000|100%| O|  |TAMS 0x0000000085400000| PB 0x0000000085400000| Untracked |  0
|  85|0x0000000085500000, 0x0000000085600000, 0x0000000085600000|100%| O|  |TAMS 0x0000000085500000| PB 0x0000000085500000| Untracked |  0
|  86|0x0000000085600000, 0x0000000085700000, 0x0000000085700000|100%|HS|  |TAMS 0x0000000085600000| PB 0x0000000085600000| Complete |  0
|  87|0x0000000085700000, 0x0000000085800000, 0x0000000085800000|100%| O|Cm|TAMS 0x0000000085700000| PB 0x0000000085700000| Complete |  0
|  88|0x0000000085800000, 0x0000000085900000, 0x0000000085900000|100%| O|  |TAMS 0x0000000085800000| PB 0x0000000085800000| Untracked |  0
|  89|0x0000000085900000, 0x0000000085a00000, 0x0000000085a00000|100%| O|  |TAMS 0x0000000085900000| PB 0x0000000085900000| Untracked |  0
|  90|0x0000000085a00000, 0x0000000085b00000, 0x0000000085b00000|100%| O|  |TAMS 0x0000000085a00000| PB 0x0000000085a00000| Untracked |  0
|  91|0x0000000085b00000, 0x0000000085c00000, 0x0000000085c00000|100%| O|  |TAMS 0x0000000085b00000| PB 0x0000000085b00000| Untracked |  0
|  92|0x0000000085c00000, 0x0000000085d00000, 0x0000000085d00000|100%| O|Cm|TAMS 0x0000000085c00000| PB 0x0000000085c00000| Complete |  0
|  93|0x0000000085d00000, 0x0000000085e00000, 0x0000000085e00000|100%| O|  |TAMS 0x0000000085d00000| PB 0x0000000085d00000| Untracked |  0
|  94|0x0000000085e00000, 0x0000000085f00000, 0x0000000085f00000|100%| O|Cm|TAMS 0x0000000085e00000| PB 0x0000000085e00000| Complete |  0
|  95|0x0000000085f00000, 0x0000000086000000, 0x0000000086000000|100%| O|  |TAMS 0x0000000085f00000| PB 0x0000000085f00000| Untracked |  0
|  96|0x0000000086000000, 0x0000000086100000, 0x0000000086100000|100%| O|  |TAMS 0x0000000086000000| PB 0x0000000086000000| Untracked |  0
|  97|0x0000000086100000, 0x0000000086200000, 0x0000000086200000|100%| O|  |TAMS 0x0000000086100000| PB 0x0000000086100000| Untracked |  0
|  98|0x0000000086200000, 0x0000000086300000, 0x0000000086300000|100%| O|  |TAMS 0x0000000086200000| PB 0x0000000086200000| Untracked |  0
|  99|0x0000000086300000, 0x0000000086400000, 0x0000000086400000|100%| O|  |TAMS 0x0000000086300000| PB 0x0000000086300000| Untracked |  0
| 100|0x0000000086400000, 0x0000000086500000, 0x0000000086500000|100%| O|  |TAMS 0x0000000086400000| PB 0x0000000086400000| Untracked |  0
| 101|0x0000000086500000, 0x0000000086600000, 0x0000000086600000|100%| O|  |TAMS 0x0000000086500000| PB 0x0000000086500000| Untracked |  0
| 102|0x0000000086600000, 0x0000000086700000, 0x0000000086700000|100%| O|  |TAMS 0x0000000086600000| PB 0x0000000086600000| Untracked |  0
| 103|0x0000000086700000, 0x0000000086800000, 0x0000000086800000|100%| O|  |TAMS 0x0000000086700000| PB 0x0000000086700000| Untracked |  0
| 104|0x0000000086800000, 0x0000000086900000, 0x0000000086900000|100%|HS|  |TAMS 0x0000000086800000| PB 0x0000000086800000| Complete |  0
| 105|0x0000000086900000, 0x0000000086a00000, 0x0000000086a00000|100%| O|  |TAMS 0x0000000086900000| PB 0x0000000086900000| Untracked |  0
| 106|0x0000000086a00000, 0x0000000086b00000, 0x0000000086b00000|100%| O|  |TAMS 0x0000000086a00000| PB 0x0000000086a00000| Untracked |  0
| 107|0x0000000086b00000, 0x0000000086c00000, 0x0000000086c00000|100%|HS|  |TAMS 0x0000000086b00000| PB 0x0000000086b00000| Complete |  0
| 108|0x0000000086c00000, 0x0000000086d00000, 0x0000000086d00000|100%| O|  |TAMS 0x0000000086c00000| PB 0x0000000086c00000| Untracked |  0
| 109|0x0000000086d00000, 0x0000000086e00000, 0x0000000086e00000|100%|HS|  |TAMS 0x0000000086d00000| PB 0x0000000086d00000| Complete |  0
| 110|0x0000000086e00000, 0x0000000086f00000, 0x0000000086f00000|100%|HS|  |TAMS 0x0000000086e00000| PB 0x0000000086e00000| Complete |  0
| 111|0x0000000086f00000, 0x0000000087000000, 0x0000000087000000|100%|HS|  |TAMS 0x0000000086f00000| PB 0x0000000086f00000| Complete |  0
| 112|0x0000000087000000, 0x0000000087100000, 0x0000000087100000|100%| O|  |TAMS 0x0000000087000000| PB 0x0000000087000000| Untracked |  0
| 113|0x0000000087100000, 0x0000000087200000, 0x0000000087200000|100%| O|  |TAMS 0x0000000087100000| PB 0x0000000087100000| Untracked |  0
| 114|0x0000000087200000, 0x0000000087300000, 0x0000000087300000|100%| O|  |TAMS 0x0000000087200000| PB 0x0000000087200000| Untracked |  0
| 115|0x0000000087300000, 0x0000000087400000, 0x0000000087400000|100%| O|  |TAMS 0x0000000087300000| PB 0x0000000087300000| Untracked |  0
| 116|0x0000000087400000, 0x0000000087500000, 0x0000000087500000|100%| O|  |TAMS 0x0000000087400000| PB 0x0000000087400000| Untracked |  0
| 117|0x0000000087500000, 0x0000000087600000, 0x0000000087600000|100%|HS|  |TAMS 0x0000000087500000| PB 0x0000000087500000| Complete |  0
| 118|0x0000000087600000, 0x0000000087700000, 0x0000000087700000|100%| O|  |TAMS 0x0000000087600000| PB 0x0000000087600000| Untracked |  0
| 119|0x0000000087700000, 0x0000000087800000, 0x0000000087800000|100%| O|  |TAMS 0x0000000087700000| PB 0x0000000087700000| Untracked |  0
| 120|0x0000000087800000, 0x0000000087900000, 0x0000000087900000|100%| O|  |TAMS 0x0000000087800000| PB 0x0000000087800000| Untracked |  0
| 121|0x0000000087900000, 0x0000000087a00000, 0x0000000087a00000|100%| O|Cm|TAMS 0x0000000087900000| PB 0x0000000087900000| Complete |  0
| 122|0x0000000087a00000, 0x0000000087b00000, 0x0000000087b00000|100%| O|  |TAMS 0x0000000087a00000| PB 0x0000000087a00000| Untracked |  0
| 123|0x0000000087b00000, 0x0000000087c00000, 0x0000000087c00000|100%| O|  |TAMS 0x0000000087b00000| PB 0x0000000087b00000| Untracked |  0
| 124|0x0000000087c00000, 0x0000000087d00000, 0x0000000087d00000|100%| O|  |TAMS 0x0000000087c00000| PB 0x0000000087c00000| Untracked |  0
| 125|0x0000000087d00000, 0x0000000087e00000, 0x0000000087e00000|100%| O|  |TAMS 0x0000000087d00000| PB 0x0000000087d00000| Untracked |  0
| 126|0x0000000087e00000, 0x0000000087f00000, 0x0000000087f00000|100%| O|  |TAMS 0x0000000087e00000| PB 0x0000000087e00000| Untracked |  0
| 127|0x0000000087f00000, 0x0000000088000000, 0x0000000088000000|100%|HS|  |TAMS 0x0000000087f00000| PB 0x0000000087f00000| Complete |  0
| 128|0x0000000088000000, 0x0000000088100000, 0x0000000088100000|100%| O|  |TAMS 0x0000000088000000| PB 0x0000000088000000| Untracked |  0
| 129|0x0000000088100000, 0x0000000088200000, 0x0000000088200000|100%| O|  |TAMS 0x0000000088100000| PB 0x0000000088100000| Untracked |  0
| 130|0x0000000088200000, 0x0000000088300000, 0x0000000088300000|100%| O|  |TAMS 0x0000000088200000| PB 0x0000000088200000| Untracked |  0
| 131|0x0000000088300000, 0x0000000088400000, 0x0000000088400000|100%| O|  |TAMS 0x0000000088300000| PB 0x0000000088300000| Untracked |  0
| 132|0x0000000088400000, 0x0000000088500000, 0x0000000088500000|100%| O|  |TAMS 0x0000000088400000| PB 0x0000000088400000| Untracked |  0
| 133|0x0000000088500000, 0x0000000088600000, 0x0000000088600000|100%| O|Cm|TAMS 0x0000000088500000| PB 0x0000000088500000| Complete |  0
| 134|0x0000000088600000, 0x0000000088700000, 0x0000000088700000|100%| O|  |TAMS 0x0000000088600000| PB 0x0000000088600000| Untracked |  0
| 135|0x0000000088700000, 0x0000000088800000, 0x0000000088800000|100%| O|  |TAMS 0x0000000088700000| PB 0x0000000088700000| Untracked |  0
| 136|0x0000000088800000, 0x0000000088900000, 0x0000000088900000|100%| O|  |TAMS 0x0000000088800000| PB 0x0000000088800000| Untracked |  0
| 137|0x0000000088900000, 0x0000000088a00000, 0x0000000088a00000|100%| O|  |TAMS 0x0000000088900000| PB 0x0000000088900000| Untracked |  0
| 138|0x0000000088a00000, 0x0000000088b00000, 0x0000000088b00000|100%| O|  |TAMS 0x0000000088a00000| PB 0x0000000088a00000| Untracked |  0
| 139|0x0000000088b00000, 0x0000000088c00000, 0x0000000088c00000|100%| O|  |TAMS 0x0000000088b00000| PB 0x0000000088b00000| Untracked |  0
| 140|0x0000000088c00000, 0x0000000088d00000, 0x0000000088d00000|100%| O|  |TAMS 0x0000000088c00000| PB 0x0000000088c00000| Untracked |  0
| 141|0x0000000088d00000, 0x0000000088e00000, 0x0000000088e00000|100%| O|Cm|TAMS 0x0000000088d00000| PB 0x0000000088d00000| Complete |  0
| 142|0x0000000088e00000, 0x0000000088f00000, 0x0000000088f00000|100%| O|  |TAMS 0x0000000088e00000| PB 0x0000000088e00000| Untracked |  0
| 143|0x0000000088f00000, 0x0000000089000000, 0x0000000089000000|100%| O|  |TAMS 0x0000000088f00000| PB 0x0000000088f00000| Untracked |  0
| 144|0x0000000089000000, 0x0000000089100000, 0x0000000089100000|100%|HS|  |TAMS 0x0000000089000000| PB 0x0000000089000000| Complete |  0
| 145|0x0000000089100000, 0x0000000089200000, 0x0000000089200000|100%|HC|  |TAMS 0x0000000089100000| PB 0x0000000089100000| Complete |  0
| 146|0x0000000089200000, 0x0000000089300000, 0x0000000089300000|100%|HC|  |TAMS 0x0000000089200000| PB 0x0000000089200000| Complete |  0
| 147|0x0000000089300000, 0x0000000089400000, 0x0000000089400000|100%|HC|  |TAMS 0x0000000089300000| PB 0x0000000089300000| Complete |  0
| 148|0x0000000089400000, 0x0000000089500000, 0x0000000089500000|100%|HC|  |TAMS 0x0000000089400000| PB 0x0000000089400000| Complete |  0
| 149|0x0000000089500000, 0x0000000089600000, 0x0000000089600000|100%|HC|  |TAMS 0x0000000089500000| PB 0x0000000089500000| Complete |  0
| 150|0x0000000089600000, 0x0000000089700000, 0x0000000089700000|100%| O|  |TAMS 0x0000000089600000| PB 0x0000000089600000| Untracked |  0
| 151|0x0000000089700000, 0x0000000089800000, 0x0000000089800000|100%| O|  |TAMS 0x0000000089700000| PB 0x0000000089700000| Untracked |  0
| 152|0x0000000089800000, 0x0000000089900000, 0x0000000089900000|100%| O|  |TAMS 0x0000000089800000| PB 0x0000000089800000| Untracked |  0
| 153|0x0000000089900000, 0x0000000089a00000, 0x0000000089a00000|100%|HS|  |TAMS 0x0000000089900000| PB 0x0000000089900000| Complete |  0
| 154|0x0000000089a00000, 0x0000000089b00000, 0x0000000089b00000|100%|HC|  |TAMS 0x0000000089a00000| PB 0x0000000089a00000| Complete |  0
| 155|0x0000000089b00000, 0x0000000089c00000, 0x0000000089c00000|100%|HC|  |TAMS 0x0000000089b00000| PB 0x0000000089b00000| Complete |  0
| 156|0x0000000089c00000, 0x0000000089d00000, 0x0000000089d00000|100%|HC|  |TAMS 0x0000000089c00000| PB 0x0000000089c00000| Complete |  0
| 157|0x0000000089d00000, 0x0000000089e00000, 0x0000000089e00000|100%|HC|  |TAMS 0x0000000089d00000| PB 0x0000000089d00000| Complete |  0
| 158|0x0000000089e00000, 0x0000000089f00000, 0x0000000089f00000|100%|HC|  |TAMS 0x0000000089e00000| PB 0x0000000089e00000| Complete |  0
| 159|0x0000000089f00000, 0x000000008a000000, 0x000000008a000000|100%| O|  |TAMS 0x0000000089f00000| PB 0x0000000089f00000| Untracked |  0
| 160|0x000000008a000000, 0x000000008a100000, 0x000000008a100000|100%| O|  |TAMS 0x000000008a000000| PB 0x000000008a000000| Untracked |  0
| 161|0x000000008a100000, 0x000000008a200000, 0x000000008a200000|100%| O|  |TAMS 0x000000008a100000| PB 0x000000008a100000| Untracked |  0
| 162|0x000000008a200000, 0x000000008a300000, 0x000000008a300000|100%| O|  |TAMS 0x000000008a200000| PB 0x000000008a200000| Untracked |  0
| 163|0x000000008a300000, 0x000000008a400000, 0x000000008a400000|100%| O|  |TAMS 0x000000008a300000| PB 0x000000008a300000| Untracked |  0
| 164|0x000000008a400000, 0x000000008a500000, 0x000000008a500000|100%| O|  |TAMS 0x000000008a400000| PB 0x000000008a400000| Untracked |  0
| 165|0x000000008a500000, 0x000000008a600000, 0x000000008a600000|100%| O|  |TAMS 0x000000008a500000| PB 0x000000008a500000| Untracked |  0
| 166|0x000000008a600000, 0x000000008a700000, 0x000000008a700000|100%| O|  |TAMS 0x000000008a600000| PB 0x000000008a600000| Untracked |  0
| 167|0x000000008a700000, 0x000000008a800000, 0x000000008a800000|100%| O|  |TAMS 0x000000008a700000| PB 0x000000008a700000| Untracked |  0
| 168|0x000000008a800000, 0x000000008a900000, 0x000000008a900000|100%| O|  |TAMS 0x000000008a800000| PB 0x000000008a800000| Untracked |  0
| 169|0x000000008a900000, 0x000000008aa00000, 0x000000008aa00000|100%| O|  |TAMS 0x000000008a900000| PB 0x000000008a900000| Untracked |  0
| 170|0x000000008aa00000, 0x000000008ab00000, 0x000000008ab00000|100%| O|  |TAMS 0x000000008aa00000| PB 0x000000008aa00000| Untracked |  0
| 171|0x000000008ab00000, 0x000000008ac00000, 0x000000008ac00000|100%| O|  |TAMS 0x000000008ab00000| PB 0x000000008ab00000| Untracked |  0
| 172|0x000000008ac00000, 0x000000008ad00000, 0x000000008ad00000|100%| O|  |TAMS 0x000000008ac00000| PB 0x000000008ac00000| Untracked |  0
| 173|0x000000008ad00000, 0x000000008ae00000, 0x000000008ae00000|100%| O|  |TAMS 0x000000008ad00000| PB 0x000000008ad00000| Untracked |  0
| 174|0x000000008ae00000, 0x000000008af00000, 0x000000008af00000|100%| O|  |TAMS 0x000000008ae00000| PB 0x000000008ae00000| Untracked |  0
| 175|0x000000008af00000, 0x000000008b000000, 0x000000008b000000|100%| O|  |TAMS 0x000000008af00000| PB 0x000000008af00000| Untracked |  0
| 176|0x000000008b000000, 0x000000008b100000, 0x000000008b100000|100%| O|  |TAMS 0x000000008b000000| PB 0x000000008b000000| Untracked |  0
| 177|0x000000008b100000, 0x000000008b200000, 0x000000008b200000|100%| O|  |TAMS 0x000000008b100000| PB 0x000000008b100000| Untracked |  0
| 178|0x000000008b200000, 0x000000008b300000, 0x000000008b300000|100%| O|  |TAMS 0x000000008b200000| PB 0x000000008b200000| Untracked |  0
| 179|0x000000008b300000, 0x000000008b400000, 0x000000008b400000|100%| O|  |TAMS 0x000000008b300000| PB 0x000000008b300000| Untracked |  0
| 180|0x000000008b400000, 0x000000008b500000, 0x000000008b500000|100%| O|  |TAMS 0x000000008b400000| PB 0x000000008b400000| Untracked |  0
| 181|0x000000008b500000, 0x000000008b600000, 0x000000008b600000|100%| O|  |TAMS 0x000000008b500000| PB 0x000000008b500000| Untracked |  0
| 182|0x000000008b600000, 0x000000008b700000, 0x000000008b700000|100%| O|Cm|TAMS 0x000000008b600000| PB 0x000000008b600000| Complete |  0
| 183|0x000000008b700000, 0x000000008b800000, 0x000000008b800000|100%| O|  |TAMS 0x000000008b700000| PB 0x000000008b700000| Untracked |  0
| 184|0x000000008b800000, 0x000000008b900000, 0x000000008b900000|100%| O|  |TAMS 0x000000008b800000| PB 0x000000008b800000| Untracked |  0
| 185|0x000000008b900000, 0x000000008ba00000, 0x000000008ba00000|100%| O|  |TAMS 0x000000008b900000| PB 0x000000008b900000| Untracked |  0
| 186|0x000000008ba00000, 0x000000008bb00000, 0x000000008bb00000|100%| O|  |TAMS 0x000000008ba00000| PB 0x000000008ba00000| Untracked |  0
| 187|0x000000008bb00000, 0x000000008bc00000, 0x000000008bc00000|100%| O|Cm|TAMS 0x000000008bb00000| PB 0x000000008bb00000| Complete |  0
| 188|0x000000008bc00000, 0x000000008bd00000, 0x000000008bd00000|100%| S|CS|TAMS 0x000000008bc00000| PB 0x000000008bc00000| Complete |  0
| 189|0x000000008bd00000, 0x000000008be00000, 0x000000008be00000|100%| O|  |TAMS 0x000000008bd00000| PB 0x000000008bd00000| Untracked |  0
| 190|0x000000008be00000, 0x000000008bf00000, 0x000000008bf00000|100%| O|  |TAMS 0x000000008be00000| PB 0x000000008be00000| Untracked |  0
| 191|0x000000008bf00000, 0x000000008c000000, 0x000000008c000000|100%| S|CS|TAMS 0x000000008bf00000| PB 0x000000008bf00000| Complete |  0
| 192|0x000000008c000000, 0x000000008c100000, 0x000000008c100000|100%| S|CS|TAMS 0x000000008c000000| PB 0x000000008c000000| Complete |  0
| 193|0x000000008c100000, 0x000000008c200000, 0x000000008c200000|100%| S|CS|TAMS 0x000000008c100000| PB 0x000000008c100000| Complete |  0
| 194|0x000000008c200000, 0x000000008c300000, 0x000000008c300000|100%| S|CS|TAMS 0x000000008c200000| PB 0x000000008c200000| Complete |  0
| 195|0x000000008c300000, 0x000000008c400000, 0x000000008c400000|100%| O|Cm|TAMS 0x000000008c300000| PB 0x000000008c300000| Complete |  0
| 196|0x000000008c400000, 0x000000008c500000, 0x000000008c500000|100%| O|  |TAMS 0x000000008c400000| PB 0x000000008c400000| Untracked |  0
| 197|0x000000008c500000, 0x000000008c600000, 0x000000008c600000|100%| O|  |TAMS 0x000000008c500000| PB 0x000000008c500000| Untracked |  0
| 198|0x000000008c600000, 0x000000008c700000, 0x000000008c700000|100%| O|  |TAMS 0x000000008c600000| PB 0x000000008c600000| Untracked |  0
| 199|0x000000008c700000, 0x000000008c800000, 0x000000008c800000|100%| O|  |TAMS 0x000000008c700000| PB 0x000000008c700000| Untracked |  0
| 200|0x000000008c800000, 0x000000008c900000, 0x000000008c900000|100%| S|CS|TAMS 0x000000008c800000| PB 0x000000008c800000| Complete |  0
| 201|0x000000008c900000, 0x000000008ca00000, 0x000000008ca00000|100%| O|  |TAMS 0x000000008c900000| PB 0x000000008c900000| Untracked |  0
| 202|0x000000008ca00000, 0x000000008cb00000, 0x000000008cb00000|100%| O|Cm|TAMS 0x000000008ca00000| PB 0x000000008ca00000| Complete |  0
| 203|0x000000008cb00000, 0x000000008cc00000, 0x000000008cc00000|100%| S|CS|TAMS 0x000000008cb00000| PB 0x000000008cb00000| Complete |  0
| 204|0x000000008cc00000, 0x000000008cd00000, 0x000000008cd00000|100%| S|CS|TAMS 0x000000008cc00000| PB 0x000000008cc00000| Complete |  0
| 205|0x000000008cd00000, 0x000000008ce00000, 0x000000008ce00000|100%| S|CS|TAMS 0x000000008cd00000| PB 0x000000008cd00000| Complete |  0
| 206|0x000000008ce00000, 0x000000008cf00000, 0x000000008cf00000|100%| O|  |TAMS 0x000000008ce00000| PB 0x000000008ce00000| Untracked |  0
| 207|0x000000008cf00000, 0x000000008d000000, 0x000000008d000000|100%| O|  |TAMS 0x000000008cf00000| PB 0x000000008cf00000| Untracked |  0
| 208|0x000000008d000000, 0x000000008d100000, 0x000000008d100000|100%| O|Cm|TAMS 0x000000008d000000| PB 0x000000008d000000| Complete |  0
| 209|0x000000008d100000, 0x000000008d200000, 0x000000008d200000|100%| O|  |TAMS 0x000000008d100000| PB 0x000000008d100000| Untracked |  0
| 210|0x000000008d200000, 0x000000008d300000, 0x000000008d300000|100%| O|  |TAMS 0x000000008d200000| PB 0x000000008d200000| Untracked |  0
| 211|0x000000008d300000, 0x000000008d400000, 0x000000008d400000|100%| S|CS|TAMS 0x000000008d300000| PB 0x000000008d300000| Complete |  0
| 212|0x000000008d400000, 0x000000008d500000, 0x000000008d500000|100%| S|CS|TAMS 0x000000008d400000| PB 0x000000008d400000| Complete |  0
| 213|0x000000008d500000, 0x000000008d600000, 0x000000008d600000|100%| S|CS|TAMS 0x000000008d500000| PB 0x000000008d500000| Complete |  0
| 214|0x000000008d600000, 0x000000008d700000, 0x000000008d700000|100%| S|CS|TAMS 0x000000008d600000| PB 0x000000008d600000| Complete |  0
| 215|0x000000008d700000, 0x000000008d800000, 0x000000008d800000|100%| O|  |TAMS 0x000000008d700000| PB 0x000000008d700000| Untracked |  0
| 216|0x000000008d800000, 0x000000008d900000, 0x000000008d900000|100%| O|  |TAMS 0x000000008d800000| PB 0x000000008d800000| Untracked |  0
| 217|0x000000008d900000, 0x000000008da00000, 0x000000008da00000|100%| S|CS|TAMS 0x000000008d900000| PB 0x000000008d900000| Complete |  0
| 218|0x000000008da00000, 0x000000008db00000, 0x000000008db00000|100%| S|CS|TAMS 0x000000008da00000| PB 0x000000008da00000| Complete |  0
| 219|0x000000008db00000, 0x000000008dc00000, 0x000000008dc00000|100%| S|CS|TAMS 0x000000008db00000| PB 0x000000008db00000| Complete |  0
| 220|0x000000008dc00000, 0x000000008dd00000, 0x000000008dd00000|100%| O|  |TAMS 0x000000008dc00000| PB 0x000000008dc00000| Untracked |  0
| 221|0x000000008dd00000, 0x000000008de00000, 0x000000008de00000|100%| O|  |TAMS 0x000000008dd00000| PB 0x000000008dd00000| Untracked |  0
| 222|0x000000008de00000, 0x000000008df00000, 0x000000008df00000|100%| S|CS|TAMS 0x000000008de00000| PB 0x000000008de00000| Complete |  0
| 223|0x000000008df00000, 0x000000008e000000, 0x000000008e000000|100%| S|CS|TAMS 0x000000008df00000| PB 0x000000008df00000| Complete |  0
| 224|0x000000008e000000, 0x000000008e100000, 0x000000008e100000|100%| S|CS|TAMS 0x000000008e000000| PB 0x000000008e000000| Complete |  0
| 225|0x000000008e100000, 0x000000008e200000, 0x000000008e200000|100%| O|  |TAMS 0x000000008e100000| PB 0x000000008e100000| Untracked |  0
| 226|0x000000008e200000, 0x000000008e300000, 0x000000008e300000|100%| O|  |TAMS 0x000000008e200000| PB 0x000000008e200000| Untracked |  0
| 227|0x000000008e300000, 0x000000008e400000, 0x000000008e400000|100%| S|CS|TAMS 0x000000008e300000| PB 0x000000008e300000| Complete |  0
| 228|0x000000008e400000, 0x000000008e500000, 0x000000008e500000|100%| S|CS|TAMS 0x000000008e400000| PB 0x000000008e400000| Complete |  0
| 229|0x000000008e500000, 0x000000008e600000, 0x000000008e600000|100%| S|CS|TAMS 0x000000008e500000| PB 0x000000008e500000| Complete |  0
| 230|0x000000008e600000, 0x000000008e700000, 0x000000008e700000|100%| S|CS|TAMS 0x000000008e600000| PB 0x000000008e600000| Complete |  0
| 231|0x000000008e700000, 0x000000008e800000, 0x000000008e800000|100%| S|CS|TAMS 0x000000008e700000| PB 0x000000008e700000| Complete |  0
| 232|0x000000008e800000, 0x000000008e900000, 0x000000008e900000|100%| S|CS|TAMS 0x000000008e800000| PB 0x000000008e800000| Complete |  0
| 233|0x000000008e900000, 0x000000008ea00000, 0x000000008ea00000|100%| S|CS|TAMS 0x000000008e900000| PB 0x000000008e900000| Complete |  0
| 234|0x000000008ea00000, 0x000000008eb00000, 0x000000008eb00000|100%| S|CS|TAMS 0x000000008ea00000| PB 0x000000008ea00000| Complete |  0
| 235|0x000000008eb00000, 0x000000008ec00000, 0x000000008ec00000|100%| S|CS|TAMS 0x000000008eb00000| PB 0x000000008eb00000| Complete |  0
| 236|0x000000008ec00000, 0x000000008ed00000, 0x000000008ed00000|100%| S|CS|TAMS 0x000000008ec00000| PB 0x000000008ec00000| Complete |  0
| 237|0x000000008ed00000, 0x000000008ee00000, 0x000000008ee00000|100%| S|CS|TAMS 0x000000008ed00000| PB 0x000000008ed00000| Complete |  0
| 238|0x000000008ee00000, 0x000000008ef00000, 0x000000008ef00000|100%| S|CS|TAMS 0x000000008ee00000| PB 0x000000008ee00000| Complete |  0
| 239|0x000000008ef00000, 0x000000008f000000, 0x000000008f000000|100%| S|CS|TAMS 0x000000008ef00000| PB 0x000000008ef00000| Complete |  0
| 240|0x000000008f000000, 0x000000008f100000, 0x000000008f100000|100%| S|CS|TAMS 0x000000008f000000| PB 0x000000008f000000| Complete |  0
| 241|0x000000008f100000, 0x000000008f200000, 0x000000008f200000|100%| S|CS|TAMS 0x000000008f100000| PB 0x000000008f100000| Complete |  0
| 242|0x000000008f200000, 0x000000008f200000, 0x000000008f300000|  0%| F|  |TAMS 0x000000008f200000| PB 0x000000008f200000| Untracked |  0
| 243|0x000000008f300000, 0x000000008f300000, 0x000000008f400000|  0%| F|  |TAMS 0x000000008f300000| PB 0x000000008f300000| Untracked |  0
| 244|0x000000008f400000, 0x000000008f400000, 0x000000008f500000|  0%| F|  |TAMS 0x000000008f400000| PB 0x000000008f400000| Untracked |  0
| 245|0x000000008f500000, 0x000000008f500000, 0x000000008f600000|  0%| F|  |TAMS 0x000000008f500000| PB 0x000000008f500000| Untracked |  0
| 246|0x000000008f600000, 0x000000008f700000, 0x000000008f700000|100%| O|  |TAMS 0x000000008f600000| PB 0x000000008f600000| Untracked |  0
| 247|0x000000008f700000, 0x000000008f800000, 0x000000008f800000|100%| O|  |TAMS 0x000000008f700000| PB 0x000000008f700000| Untracked |  0
| 248|0x000000008f800000, 0x000000008f800000, 0x000000008f900000|  0%| F|  |TAMS 0x000000008f800000| PB 0x000000008f800000| Untracked |  0
| 249|0x000000008f900000, 0x000000008fa00000, 0x000000008fa00000|100%| O|  |TAMS 0x000000008f900000| PB 0x000000008f900000| Untracked |  0
| 250|0x000000008fa00000, 0x000000008fb00000, 0x000000008fb00000|100%| O|  |TAMS 0x000000008fa00000| PB 0x000000008fa00000| Untracked |  0
| 251|0x000000008fb00000, 0x000000008fb00000, 0x000000008fc00000|  0%| F|  |TAMS 0x000000008fb00000| PB 0x000000008fb00000| Untracked |  0
| 252|0x000000008fc00000, 0x000000008fd00000, 0x000000008fd00000|100%| O|  |TAMS 0x000000008fc00000| PB 0x000000008fc00000| Untracked |  0
| 253|0x000000008fd00000, 0x000000008fd00000, 0x000000008fe00000|  0%| F|  |TAMS 0x000000008fd00000| PB 0x000000008fd00000| Untracked |  0
| 254|0x000000008fe00000, 0x000000008fe00000, 0x000000008ff00000|  0%| F|  |TAMS 0x000000008fe00000| PB 0x000000008fe00000| Untracked |  0
| 255|0x000000008ff00000, 0x000000008ff00000, 0x0000000090000000|  0%| F|  |TAMS 0x000000008ff00000| PB 0x000000008ff00000| Untracked |  0
| 256|0x0000000090000000, 0x0000000090000000, 0x0000000090100000|  0%| F|  |TAMS 0x0000000090000000| PB 0x0000000090000000| Untracked |  0
| 257|0x0000000090100000, 0x0000000090100000, 0x0000000090200000|  0%| F|  |TAMS 0x0000000090100000| PB 0x0000000090100000| Untracked |  0
| 258|0x0000000090200000, 0x0000000090200000, 0x0000000090300000|  0%| F|  |TAMS 0x0000000090200000| PB 0x0000000090200000| Untracked |  0
| 259|0x0000000090300000, 0x0000000090300000, 0x0000000090400000|  0%| F|  |TAMS 0x0000000090300000| PB 0x0000000090300000| Untracked |  0
| 260|0x0000000090400000, 0x0000000090400000, 0x0000000090500000|  0%| F|  |TAMS 0x0000000090400000| PB 0x0000000090400000| Untracked |  0
| 261|0x0000000090500000, 0x0000000090500000, 0x0000000090600000|  0%| F|  |TAMS 0x0000000090500000| PB 0x0000000090500000| Untracked |  0
| 262|0x0000000090600000, 0x0000000090600000, 0x0000000090700000|  0%| F|  |TAMS 0x0000000090600000| PB 0x0000000090600000| Untracked |  0
| 263|0x0000000090700000, 0x0000000090700000, 0x0000000090800000|  0%| F|  |TAMS 0x0000000090700000| PB 0x0000000090700000| Untracked |  0
| 264|0x0000000090800000, 0x0000000090800000, 0x0000000090900000|  0%| F|  |TAMS 0x0000000090800000| PB 0x0000000090800000| Untracked |  0
| 265|0x0000000090900000, 0x0000000090900000, 0x0000000090a00000|  0%| F|  |TAMS 0x0000000090900000| PB 0x0000000090900000| Untracked |  0
| 266|0x0000000090a00000, 0x0000000090a00000, 0x0000000090b00000|  0%| F|  |TAMS 0x0000000090a00000| PB 0x0000000090a00000| Untracked |  0
| 267|0x0000000090b00000, 0x0000000090b00000, 0x0000000090c00000|  0%| F|  |TAMS 0x0000000090b00000| PB 0x0000000090b00000| Untracked |  0
| 268|0x0000000090c00000, 0x0000000090c00000, 0x0000000090d00000|  0%| F|  |TAMS 0x0000000090c00000| PB 0x0000000090c00000| Untracked |  0
| 269|0x0000000090d00000, 0x0000000090d00000, 0x0000000090e00000|  0%| F|  |TAMS 0x0000000090d00000| PB 0x0000000090d00000| Untracked |  0
| 270|0x0000000090e00000, 0x0000000090e00000, 0x0000000090f00000|  0%| F|  |TAMS 0x0000000090e00000| PB 0x0000000090e00000| Untracked |  0
| 271|0x0000000090f00000, 0x0000000090f00000, 0x0000000091000000|  0%| F|  |TAMS 0x0000000090f00000| PB 0x0000000090f00000| Untracked |  0
| 272|0x0000000091000000, 0x0000000091000000, 0x0000000091100000|  0%| F|  |TAMS 0x0000000091000000| PB 0x0000000091000000| Untracked |  0
| 273|0x0000000091100000, 0x0000000091100000, 0x0000000091200000|  0%| F|  |TAMS 0x0000000091100000| PB 0x0000000091100000| Untracked |  0
| 274|0x0000000091200000, 0x0000000091200000, 0x0000000091300000|  0%| F|  |TAMS 0x0000000091200000| PB 0x0000000091200000| Untracked |  0
| 275|0x0000000091300000, 0x0000000091300000, 0x0000000091400000|  0%| F|  |TAMS 0x0000000091300000| PB 0x0000000091300000| Untracked |  0
| 276|0x0000000091400000, 0x0000000091400000, 0x0000000091500000|  0%| F|  |TAMS 0x0000000091400000| PB 0x0000000091400000| Untracked |  0
| 277|0x0000000091500000, 0x0000000091500000, 0x0000000091600000|  0%| F|  |TAMS 0x0000000091500000| PB 0x0000000091500000| Untracked |  0
| 278|0x0000000091600000, 0x0000000091600000, 0x0000000091700000|  0%| F|  |TAMS 0x0000000091600000| PB 0x0000000091600000| Untracked |  0
| 279|0x0000000091700000, 0x0000000091700000, 0x0000000091800000|  0%| F|  |TAMS 0x0000000091700000| PB 0x0000000091700000| Untracked |  0
| 280|0x0000000091800000, 0x0000000091800000, 0x0000000091900000|  0%| F|  |TAMS 0x0000000091800000| PB 0x0000000091800000| Untracked |  0
| 281|0x0000000091900000, 0x0000000091900000, 0x0000000091a00000|  0%| F|  |TAMS 0x0000000091900000| PB 0x0000000091900000| Untracked |  0
| 282|0x0000000091a00000, 0x0000000091a00000, 0x0000000091b00000|  0%| F|  |TAMS 0x0000000091a00000| PB 0x0000000091a00000| Untracked |  0
| 283|0x0000000091b00000, 0x0000000091b00000, 0x0000000091c00000|  0%| F|  |TAMS 0x0000000091b00000| PB 0x0000000091b00000| Untracked |  0
| 284|0x0000000091c00000, 0x0000000091c00000, 0x0000000091d00000|  0%| F|  |TAMS 0x0000000091c00000| PB 0x0000000091c00000| Untracked |  0
| 285|0x0000000091d00000, 0x0000000091d00000, 0x0000000091e00000|  0%| F|  |TAMS 0x0000000091d00000| PB 0x0000000091d00000| Untracked |  0
| 286|0x0000000091e00000, 0x0000000091e00000, 0x0000000091f00000|  0%| F|  |TAMS 0x0000000091e00000| PB 0x0000000091e00000| Untracked |  0
| 287|0x0000000091f00000, 0x0000000091f00000, 0x0000000092000000|  0%| F|  |TAMS 0x0000000091f00000| PB 0x0000000091f00000| Untracked |  0
| 288|0x0000000092000000, 0x0000000092000000, 0x0000000092100000|  0%| F|  |TAMS 0x0000000092000000| PB 0x0000000092000000| Untracked |  0
| 289|0x0000000092100000, 0x0000000092100000, 0x0000000092200000|  0%| F|  |TAMS 0x0000000092100000| PB 0x0000000092100000| Untracked |  0
| 290|0x0000000092200000, 0x0000000092200000, 0x0000000092300000|  0%| F|  |TAMS 0x0000000092200000| PB 0x0000000092200000| Untracked |  0
| 291|0x0000000092300000, 0x0000000092300000, 0x0000000092400000|  0%| F|  |TAMS 0x0000000092300000| PB 0x0000000092300000| Untracked |  0
| 292|0x0000000092400000, 0x0000000092400000, 0x0000000092500000|  0%| F|  |TAMS 0x0000000092400000| PB 0x0000000092400000| Untracked |  0
| 293|0x0000000092500000, 0x0000000092500000, 0x0000000092600000|  0%| F|  |TAMS 0x0000000092500000| PB 0x0000000092500000| Untracked |  0
| 294|0x0000000092600000, 0x0000000092600000, 0x0000000092700000|  0%| F|  |TAMS 0x0000000092600000| PB 0x0000000092600000| Untracked |  0
| 295|0x0000000092700000, 0x0000000092700000, 0x0000000092800000|  0%| F|  |TAMS 0x0000000092700000| PB 0x0000000092700000| Untracked |  0
| 296|0x0000000092800000, 0x0000000092800000, 0x0000000092900000|  0%| F|  |TAMS 0x0000000092800000| PB 0x0000000092800000| Untracked |  0
| 297|0x0000000092900000, 0x0000000092900000, 0x0000000092a00000|  0%| F|  |TAMS 0x0000000092900000| PB 0x0000000092900000| Untracked |  0
| 298|0x0000000092a00000, 0x0000000092a00000, 0x0000000092b00000|  0%| F|  |TAMS 0x0000000092a00000| PB 0x0000000092a00000| Untracked |  0
| 299|0x0000000092b00000, 0x0000000092b00000, 0x0000000092c00000|  0%| F|  |TAMS 0x0000000092b00000| PB 0x0000000092b00000| Untracked |  0
| 300|0x0000000092c00000, 0x0000000092c00000, 0x0000000092d00000|  0%| F|  |TAMS 0x0000000092c00000| PB 0x0000000092c00000| Untracked |  0
| 301|0x0000000092d00000, 0x0000000092d00000, 0x0000000092e00000|  0%| F|  |TAMS 0x0000000092d00000| PB 0x0000000092d00000| Untracked |  0
| 302|0x0000000092e00000, 0x0000000092e00000, 0x0000000092f00000|  0%| F|  |TAMS 0x0000000092e00000| PB 0x0000000092e00000| Untracked |  0
| 303|0x0000000092f00000, 0x0000000092f00000, 0x0000000093000000|  0%| F|  |TAMS 0x0000000092f00000| PB 0x0000000092f00000| Untracked |  0
| 304|0x0000000093000000, 0x0000000093000000, 0x0000000093100000|  0%| F|  |TAMS 0x0000000093000000| PB 0x0000000093000000| Untracked |  0
| 305|0x0000000093100000, 0x0000000093100000, 0x0000000093200000|  0%| F|  |TAMS 0x0000000093100000| PB 0x0000000093100000| Untracked |  0
| 306|0x0000000093200000, 0x0000000093200000, 0x0000000093300000|  0%| F|  |TAMS 0x0000000093200000| PB 0x0000000093200000| Untracked |  0
| 307|0x0000000093300000, 0x0000000093300000, 0x0000000093400000|  0%| F|  |TAMS 0x0000000093300000| PB 0x0000000093300000| Untracked |  0
| 308|0x0000000093400000, 0x0000000093400000, 0x0000000093500000|  0%| F|  |TAMS 0x0000000093400000| PB 0x0000000093400000| Untracked |  0
| 309|0x0000000093500000, 0x0000000093500000, 0x0000000093600000|  0%| F|  |TAMS 0x0000000093500000| PB 0x0000000093500000| Untracked |  0
| 310|0x0000000093600000, 0x0000000093600000, 0x0000000093700000|  0%| F|  |TAMS 0x0000000093600000| PB 0x0000000093600000| Untracked |  0
| 311|0x0000000093700000, 0x0000000093700000, 0x0000000093800000|  0%| F|  |TAMS 0x0000000093700000| PB 0x0000000093700000| Untracked |  0
| 312|0x0000000093800000, 0x0000000093800000, 0x0000000093900000|  0%| F|  |TAMS 0x0000000093800000| PB 0x0000000093800000| Untracked |  0
| 313|0x0000000093900000, 0x0000000093900000, 0x0000000093a00000|  0%| F|  |TAMS 0x0000000093900000| PB 0x0000000093900000| Untracked |  0
| 314|0x0000000093a00000, 0x0000000093a00000, 0x0000000093b00000|  0%| F|  |TAMS 0x0000000093a00000| PB 0x0000000093a00000| Untracked |  0
| 315|0x0000000093b00000, 0x0000000093b00000, 0x0000000093c00000|  0%| F|  |TAMS 0x0000000093b00000| PB 0x0000000093b00000| Untracked |  0
| 316|0x0000000093c00000, 0x0000000093c9a498, 0x0000000093d00000| 60%| E|  |TAMS 0x0000000093c00000| PB 0x0000000093c00000| Complete |  0
| 317|0x0000000093d00000, 0x0000000093e00000, 0x0000000093e00000|100%| E|CS|TAMS 0x0000000093d00000| PB 0x0000000093d00000| Complete |  0
| 318|0x0000000093e00000, 0x0000000093f00000, 0x0000000093f00000|100%| E|CS|TAMS 0x0000000093e00000| PB 0x0000000093e00000| Complete |  0
| 319|0x0000000093f00000, 0x0000000094000000, 0x0000000094000000|100%| E|CS|TAMS 0x0000000093f00000| PB 0x0000000093f00000| Complete |  0
| 320|0x0000000094000000, 0x0000000094100000, 0x0000000094100000|100%| E|CS|TAMS 0x0000000094000000| PB 0x0000000094000000| Complete |  0
| 321|0x0000000094100000, 0x0000000094200000, 0x0000000094200000|100%| E|  |TAMS 0x0000000094100000| PB 0x0000000094100000| Complete |  0
| 322|0x0000000094200000, 0x0000000094300000, 0x0000000094300000|100%| E|CS|TAMS 0x0000000094200000| PB 0x0000000094200000| Complete |  0
| 323|0x0000000094300000, 0x0000000094400000, 0x0000000094400000|100%| E|CS|TAMS 0x0000000094300000| PB 0x0000000094300000| Complete |  0
| 324|0x0000000094400000, 0x0000000094500000, 0x0000000094500000|100%| E|CS|TAMS 0x0000000094400000| PB 0x0000000094400000| Complete |  0
| 325|0x0000000094500000, 0x0000000094600000, 0x0000000094600000|100%| E|CS|TAMS 0x0000000094500000| PB 0x0000000094500000| Complete |  0
| 326|0x0000000094600000, 0x0000000094700000, 0x0000000094700000|100%| E|CS|TAMS 0x0000000094600000| PB 0x0000000094600000| Complete |  0
| 327|0x0000000094700000, 0x0000000094800000, 0x0000000094800000|100%| E|CS|TAMS 0x0000000094700000| PB 0x0000000094700000| Complete |  0
| 328|0x0000000094800000, 0x0000000094900000, 0x0000000094900000|100%| E|CS|TAMS 0x0000000094800000| PB 0x0000000094800000| Complete |  0
| 329|0x0000000094900000, 0x0000000094a00000, 0x0000000094a00000|100%| E|CS|TAMS 0x0000000094900000| PB 0x0000000094900000| Complete |  0
| 330|0x0000000094a00000, 0x0000000094b00000, 0x0000000094b00000|100%| E|CS|TAMS 0x0000000094a00000| PB 0x0000000094a00000| Complete |  0
| 331|0x0000000094b00000, 0x0000000094c00000, 0x0000000094c00000|100%| E|CS|TAMS 0x0000000094b00000| PB 0x0000000094b00000| Complete |  0
| 332|0x0000000094c00000, 0x0000000094d00000, 0x0000000094d00000|100%| E|CS|TAMS 0x0000000094c00000| PB 0x0000000094c00000| Complete |  0
| 333|0x0000000094d00000, 0x0000000094e00000, 0x0000000094e00000|100%| E|CS|TAMS 0x0000000094d00000| PB 0x0000000094d00000| Complete |  0
| 334|0x0000000094e00000, 0x0000000094f00000, 0x0000000094f00000|100%| E|CS|TAMS 0x0000000094e00000| PB 0x0000000094e00000| Complete |  0
| 335|0x0000000094f00000, 0x0000000095000000, 0x0000000095000000|100%| E|CS|TAMS 0x0000000094f00000| PB 0x0000000094f00000| Complete |  0
| 336|0x0000000095000000, 0x0000000095100000, 0x0000000095100000|100%| E|CS|TAMS 0x0000000095000000| PB 0x0000000095000000| Complete |  0
| 337|0x0000000095100000, 0x0000000095200000, 0x0000000095200000|100%| E|CS|TAMS 0x0000000095100000| PB 0x0000000095100000| Complete |  0
| 338|0x0000000095200000, 0x0000000095300000, 0x0000000095300000|100%| E|CS|TAMS 0x0000000095200000| PB 0x0000000095200000| Complete |  0
| 339|0x0000000095300000, 0x0000000095400000, 0x0000000095400000|100%| E|CS|TAMS 0x0000000095300000| PB 0x0000000095300000| Complete |  0
| 340|0x0000000095400000, 0x0000000095500000, 0x0000000095500000|100%| E|CS|TAMS 0x0000000095400000| PB 0x0000000095400000| Complete |  0
| 341|0x0000000095500000, 0x0000000095600000, 0x0000000095600000|100%| E|CS|TAMS 0x0000000095500000| PB 0x0000000095500000| Complete |  0
| 342|0x0000000095600000, 0x0000000095700000, 0x0000000095700000|100%| E|CS|TAMS 0x0000000095600000| PB 0x0000000095600000| Complete |  0
| 343|0x0000000095700000, 0x0000000095800000, 0x0000000095800000|100%| E|CS|TAMS 0x0000000095700000| PB 0x0000000095700000| Complete |  0
| 344|0x0000000095800000, 0x0000000095900000, 0x0000000095900000|100%| E|CS|TAMS 0x0000000095800000| PB 0x0000000095800000| Complete |  0
| 345|0x0000000095900000, 0x0000000095a00000, 0x0000000095a00000|100%| E|CS|TAMS 0x0000000095900000| PB 0x0000000095900000| Complete |  0
| 346|0x0000000095a00000, 0x0000000095b00000, 0x0000000095b00000|100%| E|CS|TAMS 0x0000000095a00000| PB 0x0000000095a00000| Complete |  0
| 347|0x0000000095b00000, 0x0000000095c00000, 0x0000000095c00000|100%| E|CS|TAMS 0x0000000095b00000| PB 0x0000000095b00000| Complete |  0
| 348|0x0000000095c00000, 0x0000000095d00000, 0x0000000095d00000|100%| E|CS|TAMS 0x0000000095c00000| PB 0x0000000095c00000| Complete |  0
| 349|0x0000000095d00000, 0x0000000095e00000, 0x0000000095e00000|100%| E|CS|TAMS 0x0000000095d00000| PB 0x0000000095d00000| Complete |  0
| 350|0x0000000095e00000, 0x0000000095f00000, 0x0000000095f00000|100%| E|CS|TAMS 0x0000000095e00000| PB 0x0000000095e00000| Complete |  0
| 351|0x0000000095f00000, 0x0000000096000000, 0x0000000096000000|100%| E|CS|TAMS 0x0000000095f00000| PB 0x0000000095f00000| Complete |  0
| 352|0x0000000096000000, 0x0000000096100000, 0x0000000096100000|100%| E|CS|TAMS 0x0000000096000000| PB 0x0000000096000000| Complete |  0
| 353|0x0000000096100000, 0x0000000096200000, 0x0000000096200000|100%| E|CS|TAMS 0x0000000096100000| PB 0x0000000096100000| Complete |  0
| 354|0x0000000096200000, 0x0000000096300000, 0x0000000096300000|100%| E|CS|TAMS 0x0000000096200000| PB 0x0000000096200000| Complete |  0
| 355|0x0000000096300000, 0x0000000096400000, 0x0000000096400000|100%| E|CS|TAMS 0x0000000096300000| PB 0x0000000096300000| Complete |  0
| 356|0x0000000096400000, 0x0000000096500000, 0x0000000096500000|100%| E|CS|TAMS 0x0000000096400000| PB 0x0000000096400000| Complete |  0
| 357|0x0000000096500000, 0x0000000096600000, 0x0000000096600000|100%| E|CS|TAMS 0x0000000096500000| PB 0x0000000096500000| Complete |  0
| 358|0x0000000096600000, 0x0000000096700000, 0x0000000096700000|100%| E|CS|TAMS 0x0000000096600000| PB 0x0000000096600000| Complete |  0
| 359|0x0000000096700000, 0x0000000096800000, 0x0000000096800000|100%| E|CS|TAMS 0x0000000096700000| PB 0x0000000096700000| Complete |  0
| 360|0x0000000096800000, 0x0000000096900000, 0x0000000096900000|100%| E|CS|TAMS 0x0000000096800000| PB 0x0000000096800000| Complete |  0
| 361|0x0000000096900000, 0x0000000096a00000, 0x0000000096a00000|100%| E|CS|TAMS 0x0000000096900000| PB 0x0000000096900000| Complete |  0
| 362|0x0000000096a00000, 0x0000000096b00000, 0x0000000096b00000|100%| E|CS|TAMS 0x0000000096a00000| PB 0x0000000096a00000| Complete |  0
| 363|0x0000000096b00000, 0x0000000096c00000, 0x0000000096c00000|100%| E|CS|TAMS 0x0000000096b00000| PB 0x0000000096b00000| Complete |  0
| 364|0x0000000096c00000, 0x0000000096d00000, 0x0000000096d00000|100%| E|CS|TAMS 0x0000000096c00000| PB 0x0000000096c00000| Complete |  0
| 365|0x0000000096d00000, 0x0000000096e00000, 0x0000000096e00000|100%| E|CS|TAMS 0x0000000096d00000| PB 0x0000000096d00000| Complete |  0
| 366|0x0000000096e00000, 0x0000000096f00000, 0x0000000096f00000|100%| E|CS|TAMS 0x0000000096e00000| PB 0x0000000096e00000| Complete |  0
| 367|0x0000000096f00000, 0x0000000097000000, 0x0000000097000000|100%| E|CS|TAMS 0x0000000096f00000| PB 0x0000000096f00000| Complete |  0
| 368|0x0000000097000000, 0x0000000097100000, 0x0000000097100000|100%| E|CS|TAMS 0x0000000097000000| PB 0x0000000097000000| Complete |  0
| 369|0x0000000097100000, 0x0000000097200000, 0x0000000097200000|100%| E|CS|TAMS 0x0000000097100000| PB 0x0000000097100000| Complete |  0
| 370|0x0000000097200000, 0x0000000097300000, 0x0000000097300000|100%| E|CS|TAMS 0x0000000097200000| PB 0x0000000097200000| Complete |  0
| 371|0x0000000097300000, 0x0000000097400000, 0x0000000097400000|100%| E|CS|TAMS 0x0000000097300000| PB 0x0000000097300000| Complete |  0
| 372|0x0000000097400000, 0x0000000097500000, 0x0000000097500000|100%| E|CS|TAMS 0x0000000097400000| PB 0x0000000097400000| Complete |  0
| 373|0x0000000097500000, 0x0000000097600000, 0x0000000097600000|100%| E|CS|TAMS 0x0000000097500000| PB 0x0000000097500000| Complete |  0
| 374|0x0000000097600000, 0x0000000097700000, 0x0000000097700000|100%| E|CS|TAMS 0x0000000097600000| PB 0x0000000097600000| Complete |  0
| 375|0x0000000097700000, 0x0000000097800000, 0x0000000097800000|100%| E|CS|TAMS 0x0000000097700000| PB 0x0000000097700000| Complete |  0
| 376|0x0000000097800000, 0x0000000097900000, 0x0000000097900000|100%| E|CS|TAMS 0x0000000097800000| PB 0x0000000097800000| Complete |  0
| 377|0x0000000097900000, 0x0000000097a00000, 0x0000000097a00000|100%| E|CS|TAMS 0x0000000097900000| PB 0x0000000097900000| Complete |  0
| 378|0x0000000097a00000, 0x0000000097b00000, 0x0000000097b00000|100%| E|CS|TAMS 0x0000000097a00000| PB 0x0000000097a00000| Complete |  0
| 379|0x0000000097b00000, 0x0000000097c00000, 0x0000000097c00000|100%| E|CS|TAMS 0x0000000097b00000| PB 0x0000000097b00000| Complete |  0
| 380|0x0000000097c00000, 0x0000000097d00000, 0x0000000097d00000|100%| E|CS|TAMS 0x0000000097c00000| PB 0x0000000097c00000| Complete |  0
| 381|0x0000000097d00000, 0x0000000097e00000, 0x0000000097e00000|100%| E|CS|TAMS 0x0000000097d00000| PB 0x0000000097d00000| Complete |  0
| 382|0x0000000097e00000, 0x0000000097f00000, 0x0000000097f00000|100%| E|CS|TAMS 0x0000000097e00000| PB 0x0000000097e00000| Complete |  0
| 383|0x0000000097f00000, 0x0000000098000000, 0x0000000098000000|100%| E|CS|TAMS 0x0000000097f00000| PB 0x0000000097f00000| Complete |  0
| 384|0x0000000098000000, 0x0000000098100000, 0x0000000098100000|100%| E|CS|TAMS 0x0000000098000000| PB 0x0000000098000000| Complete |  0
| 385|0x0000000098100000, 0x0000000098200000, 0x0000000098200000|100%| E|CS|TAMS 0x0000000098100000| PB 0x0000000098100000| Complete |  0
| 386|0x0000000098200000, 0x0000000098300000, 0x0000000098300000|100%| E|CS|TAMS 0x0000000098200000| PB 0x0000000098200000| Complete |  0
| 387|0x0000000098300000, 0x0000000098400000, 0x0000000098400000|100%| E|CS|TAMS 0x0000000098300000| PB 0x0000000098300000| Complete |  0
| 388|0x0000000098400000, 0x0000000098500000, 0x0000000098500000|100%| E|CS|TAMS 0x0000000098400000| PB 0x0000000098400000| Complete |  0
| 389|0x0000000098500000, 0x0000000098600000, 0x0000000098600000|100%| E|CS|TAMS 0x0000000098500000| PB 0x0000000098500000| Complete |  0
| 390|0x0000000098600000, 0x0000000098700000, 0x0000000098700000|100%| E|CS|TAMS 0x0000000098600000| PB 0x0000000098600000| Complete |  0
| 391|0x0000000098700000, 0x0000000098800000, 0x0000000098800000|100%| E|CS|TAMS 0x0000000098700000| PB 0x0000000098700000| Complete |  0
| 392|0x0000000098800000, 0x0000000098900000, 0x0000000098900000|100%| E|CS|TAMS 0x0000000098800000| PB 0x0000000098800000| Complete |  0
| 393|0x0000000098900000, 0x0000000098a00000, 0x0000000098a00000|100%| E|CS|TAMS 0x0000000098900000| PB 0x0000000098900000| Complete |  0
| 394|0x0000000098a00000, 0x0000000098b00000, 0x0000000098b00000|100%| E|CS|TAMS 0x0000000098a00000| PB 0x0000000098a00000| Complete |  0
| 395|0x0000000098b00000, 0x0000000098c00000, 0x0000000098c00000|100%| E|CS|TAMS 0x0000000098b00000| PB 0x0000000098b00000| Complete |  0
| 396|0x0000000098c00000, 0x0000000098d00000, 0x0000000098d00000|100%| E|CS|TAMS 0x0000000098c00000| PB 0x0000000098c00000| Complete |  0
| 397|0x0000000098d00000, 0x0000000098e00000, 0x0000000098e00000|100%| E|CS|TAMS 0x0000000098d00000| PB 0x0000000098d00000| Complete |  0
| 398|0x0000000098e00000, 0x0000000098f00000, 0x0000000098f00000|100%| E|CS|TAMS 0x0000000098e00000| PB 0x0000000098e00000| Complete |  0
| 399|0x0000000098f00000, 0x0000000099000000, 0x0000000099000000|100%| E|CS|TAMS 0x0000000098f00000| PB 0x0000000098f00000| Complete |  0
| 400|0x0000000099000000, 0x0000000099100000, 0x0000000099100000|100%| E|CS|TAMS 0x0000000099000000| PB 0x0000000099000000| Complete |  0
| 401|0x0000000099100000, 0x0000000099200000, 0x0000000099200000|100%| E|CS|TAMS 0x0000000099100000| PB 0x0000000099100000| Complete |  0
| 402|0x0000000099200000, 0x0000000099300000, 0x0000000099300000|100%| E|CS|TAMS 0x0000000099200000| PB 0x0000000099200000| Complete |  0
| 403|0x0000000099300000, 0x0000000099400000, 0x0000000099400000|100%| E|CS|TAMS 0x0000000099300000| PB 0x0000000099300000| Complete |  0
| 404|0x0000000099400000, 0x0000000099500000, 0x0000000099500000|100%| E|CS|TAMS 0x0000000099400000| PB 0x0000000099400000| Complete |  0
| 405|0x0000000099500000, 0x0000000099600000, 0x0000000099600000|100%| E|CS|TAMS 0x0000000099500000| PB 0x0000000099500000| Complete |  0
| 406|0x0000000099600000, 0x0000000099700000, 0x0000000099700000|100%| E|CS|TAMS 0x0000000099600000| PB 0x0000000099600000| Complete |  0
| 407|0x0000000099700000, 0x0000000099800000, 0x0000000099800000|100%| E|CS|TAMS 0x0000000099700000| PB 0x0000000099700000| Complete |  0
| 408|0x0000000099800000, 0x0000000099900000, 0x0000000099900000|100%| E|CS|TAMS 0x0000000099800000| PB 0x0000000099800000| Complete |  0
| 409|0x0000000099900000, 0x0000000099a00000, 0x0000000099a00000|100%| E|CS|TAMS 0x0000000099900000| PB 0x0000000099900000| Complete |  0
| 410|0x0000000099a00000, 0x0000000099b00000, 0x0000000099b00000|100%| E|CS|TAMS 0x0000000099a00000| PB 0x0000000099a00000| Complete |  0
| 411|0x0000000099b00000, 0x0000000099c00000, 0x0000000099c00000|100%| E|CS|TAMS 0x0000000099b00000| PB 0x0000000099b00000| Complete |  0
| 412|0x0000000099c00000, 0x0000000099d00000, 0x0000000099d00000|100%| E|CS|TAMS 0x0000000099c00000| PB 0x0000000099c00000| Complete |  0
| 413|0x0000000099d00000, 0x0000000099e00000, 0x0000000099e00000|100%| E|CS|TAMS 0x0000000099d00000| PB 0x0000000099d00000| Complete |  0
| 414|0x0000000099e00000, 0x0000000099f00000, 0x0000000099f00000|100%| E|CS|TAMS 0x0000000099e00000| PB 0x0000000099e00000| Complete |  0
| 415|0x0000000099f00000, 0x000000009a000000, 0x000000009a000000|100%| E|CS|TAMS 0x0000000099f00000| PB 0x0000000099f00000| Complete |  0
| 416|0x000000009a000000, 0x000000009a100000, 0x000000009a100000|100%| E|CS|TAMS 0x000000009a000000| PB 0x000000009a000000| Complete |  0
| 417|0x000000009a100000, 0x000000009a200000, 0x000000009a200000|100%| E|CS|TAMS 0x000000009a100000| PB 0x000000009a100000| Complete |  0
| 418|0x000000009a200000, 0x000000009a300000, 0x000000009a300000|100%| E|CS|TAMS 0x000000009a200000| PB 0x000000009a200000| Complete |  0
| 419|0x000000009a300000, 0x000000009a400000, 0x000000009a400000|100%| E|CS|TAMS 0x000000009a300000| PB 0x000000009a300000| Complete |  0
| 420|0x000000009a400000, 0x000000009a500000, 0x000000009a500000|100%| E|CS|TAMS 0x000000009a400000| PB 0x000000009a400000| Complete |  0
| 421|0x000000009a500000, 0x000000009a600000, 0x000000009a600000|100%| E|CS|TAMS 0x000000009a500000| PB 0x000000009a500000| Complete |  0
| 422|0x000000009a600000, 0x000000009a700000, 0x000000009a700000|100%| E|CS|TAMS 0x000000009a600000| PB 0x000000009a600000| Complete |  0
| 423|0x000000009a700000, 0x000000009a800000, 0x000000009a800000|100%| E|CS|TAMS 0x000000009a700000| PB 0x000000009a700000| Complete |  0
| 424|0x000000009a800000, 0x000000009a900000, 0x000000009a900000|100%| E|CS|TAMS 0x000000009a800000| PB 0x000000009a800000| Complete |  0
| 425|0x000000009a900000, 0x000000009aa00000, 0x000000009aa00000|100%| E|CS|TAMS 0x000000009a900000| PB 0x000000009a900000| Complete |  0
| 426|0x000000009aa00000, 0x000000009ab00000, 0x000000009ab00000|100%| E|CS|TAMS 0x000000009aa00000| PB 0x000000009aa00000| Complete |  0
| 427|0x000000009ab00000, 0x000000009ac00000, 0x000000009ac00000|100%| E|CS|TAMS 0x000000009ab00000| PB 0x000000009ab00000| Complete |  0
| 428|0x000000009ac00000, 0x000000009ad00000, 0x000000009ad00000|100%| E|CS|TAMS 0x000000009ac00000| PB 0x000000009ac00000| Complete |  0
| 429|0x000000009ad00000, 0x000000009ae00000, 0x000000009ae00000|100%| E|CS|TAMS 0x000000009ad00000| PB 0x000000009ad00000| Complete |  0
| 430|0x000000009ae00000, 0x000000009af00000, 0x000000009af00000|100%| E|CS|TAMS 0x000000009ae00000| PB 0x000000009ae00000| Complete |  0
| 431|0x000000009af00000, 0x000000009b000000, 0x000000009b000000|100%| E|CS|TAMS 0x000000009af00000| PB 0x000000009af00000| Complete |  0
| 432|0x000000009b000000, 0x000000009b100000, 0x000000009b100000|100%| E|CS|TAMS 0x000000009b000000| PB 0x000000009b000000| Complete |  0
| 433|0x000000009b100000, 0x000000009b200000, 0x000000009b200000|100%| E|CS|TAMS 0x000000009b100000| PB 0x000000009b100000| Complete |  0
| 434|0x000000009b200000, 0x000000009b300000, 0x000000009b300000|100%| E|CS|TAMS 0x000000009b200000| PB 0x000000009b200000| Complete |  0
| 435|0x000000009b300000, 0x000000009b400000, 0x000000009b400000|100%| E|CS|TAMS 0x000000009b300000| PB 0x000000009b300000| Complete |  0
| 436|0x000000009b400000, 0x000000009b500000, 0x000000009b500000|100%| E|CS|TAMS 0x000000009b400000| PB 0x000000009b400000| Complete |  0
| 437|0x000000009b500000, 0x000000009b600000, 0x000000009b600000|100%| E|CS|TAMS 0x000000009b500000| PB 0x000000009b500000| Complete |  0
| 438|0x000000009b600000, 0x000000009b700000, 0x000000009b700000|100%| E|CS|TAMS 0x000000009b600000| PB 0x000000009b600000| Complete |  0
| 439|0x000000009b700000, 0x000000009b800000, 0x000000009b800000|100%| E|CS|TAMS 0x000000009b700000| PB 0x000000009b700000| Complete |  0
| 440|0x000000009b800000, 0x000000009b900000, 0x000000009b900000|100%| E|CS|TAMS 0x000000009b800000| PB 0x000000009b800000| Complete |  0
| 441|0x000000009b900000, 0x000000009ba00000, 0x000000009ba00000|100%| E|CS|TAMS 0x000000009b900000| PB 0x000000009b900000| Complete |  0
| 442|0x000000009ba00000, 0x000000009bb00000, 0x000000009bb00000|100%| E|CS|TAMS 0x000000009ba00000| PB 0x000000009ba00000| Complete |  0
| 443|0x000000009bb00000, 0x000000009bc00000, 0x000000009bc00000|100%| E|CS|TAMS 0x000000009bb00000| PB 0x000000009bb00000| Complete |  0
| 444|0x000000009bc00000, 0x000000009bd00000, 0x000000009bd00000|100%| E|CS|TAMS 0x000000009bc00000| PB 0x000000009bc00000| Complete |  0
| 445|0x000000009bd00000, 0x000000009be00000, 0x000000009be00000|100%| E|CS|TAMS 0x000000009bd00000| PB 0x000000009bd00000| Complete |  0
| 446|0x000000009be00000, 0x000000009bf00000, 0x000000009bf00000|100%| E|CS|TAMS 0x000000009be00000| PB 0x000000009be00000| Complete |  0
| 447|0x000000009bf00000, 0x000000009c000000, 0x000000009c000000|100%| E|CS|TAMS 0x000000009bf00000| PB 0x000000009bf00000| Complete |  0
| 448|0x000000009c000000, 0x000000009c100000, 0x000000009c100000|100%| E|CS|TAMS 0x000000009c000000| PB 0x000000009c000000| Complete |  0
| 449|0x000000009c100000, 0x000000009c200000, 0x000000009c200000|100%| E|CS|TAMS 0x000000009c100000| PB 0x000000009c100000| Complete |  0
| 450|0x000000009c200000, 0x000000009c300000, 0x000000009c300000|100%| E|CS|TAMS 0x000000009c200000| PB 0x000000009c200000| Complete |  0
| 451|0x000000009c300000, 0x000000009c400000, 0x000000009c400000|100%| E|CS|TAMS 0x000000009c300000| PB 0x000000009c300000| Complete |  0
| 452|0x000000009c400000, 0x000000009c500000, 0x000000009c500000|100%| E|CS|TAMS 0x000000009c400000| PB 0x000000009c400000| Complete |  0
| 453|0x000000009c500000, 0x000000009c600000, 0x000000009c600000|100%| E|CS|TAMS 0x000000009c500000| PB 0x000000009c500000| Complete |  0
| 454|0x000000009c600000, 0x000000009c700000, 0x000000009c700000|100%| E|CS|TAMS 0x000000009c600000| PB 0x000000009c600000| Complete |  0
| 455|0x000000009c700000, 0x000000009c800000, 0x000000009c800000|100%| E|CS|TAMS 0x000000009c700000| PB 0x000000009c700000| Complete |  0
| 456|0x000000009c800000, 0x000000009c900000, 0x000000009c900000|100%| E|CS|TAMS 0x000000009c800000| PB 0x000000009c800000| Complete |  0
| 457|0x000000009c900000, 0x000000009ca00000, 0x000000009ca00000|100%| E|CS|TAMS 0x000000009c900000| PB 0x000000009c900000| Complete |  0
| 458|0x000000009ca00000, 0x000000009cb00000, 0x000000009cb00000|100%| E|CS|TAMS 0x000000009ca00000| PB 0x000000009ca00000| Complete |  0
| 459|0x000000009cb00000, 0x000000009cc00000, 0x000000009cc00000|100%| E|CS|TAMS 0x000000009cb00000| PB 0x000000009cb00000| Complete |  0
| 460|0x000000009cc00000, 0x000000009cd00000, 0x000000009cd00000|100%| E|CS|TAMS 0x000000009cc00000| PB 0x000000009cc00000| Complete |  0
| 461|0x000000009cd00000, 0x000000009ce00000, 0x000000009ce00000|100%| E|CS|TAMS 0x000000009cd00000| PB 0x000000009cd00000| Complete |  0
| 462|0x000000009ce00000, 0x000000009cf00000, 0x000000009cf00000|100%| E|CS|TAMS 0x000000009ce00000| PB 0x000000009ce00000| Complete |  0
| 463|0x000000009cf00000, 0x000000009d000000, 0x000000009d000000|100%| E|CS|TAMS 0x000000009cf00000| PB 0x000000009cf00000| Complete |  0
| 464|0x000000009d000000, 0x000000009d100000, 0x000000009d100000|100%| E|CS|TAMS 0x000000009d000000| PB 0x000000009d000000| Complete |  0
| 465|0x000000009d100000, 0x000000009d200000, 0x000000009d200000|100%| E|CS|TAMS 0x000000009d100000| PB 0x000000009d100000| Complete |  0
| 466|0x000000009d200000, 0x000000009d300000, 0x000000009d300000|100%| E|CS|TAMS 0x000000009d200000| PB 0x000000009d200000| Complete |  0
| 467|0x000000009d300000, 0x000000009d400000, 0x000000009d400000|100%| E|CS|TAMS 0x000000009d300000| PB 0x000000009d300000| Complete |  0
| 468|0x000000009d400000, 0x000000009d500000, 0x000000009d500000|100%| E|CS|TAMS 0x000000009d400000| PB 0x000000009d400000| Complete |  0
| 469|0x000000009d500000, 0x000000009d600000, 0x000000009d600000|100%| E|CS|TAMS 0x000000009d500000| PB 0x000000009d500000| Complete |  0
| 470|0x000000009d600000, 0x000000009d700000, 0x000000009d700000|100%| E|CS|TAMS 0x000000009d600000| PB 0x000000009d600000| Complete |  0
| 471|0x000000009d700000, 0x000000009d800000, 0x000000009d800000|100%| E|CS|TAMS 0x000000009d700000| PB 0x000000009d700000| Complete |  0
| 472|0x000000009d800000, 0x000000009d900000, 0x000000009d900000|100%| E|CS|TAMS 0x000000009d800000| PB 0x000000009d800000| Complete |  0
| 473|0x000000009d900000, 0x000000009da00000, 0x000000009da00000|100%| E|CS|TAMS 0x000000009d900000| PB 0x000000009d900000| Complete |  0
| 474|0x000000009da00000, 0x000000009db00000, 0x000000009db00000|100%| E|CS|TAMS 0x000000009da00000| PB 0x000000009da00000| Complete |  0
| 475|0x000000009db00000, 0x000000009dc00000, 0x000000009dc00000|100%| E|CS|TAMS 0x000000009db00000| PB 0x000000009db00000| Complete |  0
| 476|0x000000009dc00000, 0x000000009dd00000, 0x000000009dd00000|100%| E|CS|TAMS 0x000000009dc00000| PB 0x000000009dc00000| Complete |  0
| 477|0x000000009dd00000, 0x000000009de00000, 0x000000009de00000|100%| E|CS|TAMS 0x000000009dd00000| PB 0x000000009dd00000| Complete |  0
| 478|0x000000009de00000, 0x000000009df00000, 0x000000009df00000|100%| E|CS|TAMS 0x000000009de00000| PB 0x000000009de00000| Complete |  0
| 479|0x000000009df00000, 0x000000009e000000, 0x000000009e000000|100%| E|CS|TAMS 0x000000009df00000| PB 0x000000009df00000| Complete |  0
| 480|0x000000009e000000, 0x000000009e100000, 0x000000009e100000|100%| E|CS|TAMS 0x000000009e000000| PB 0x000000009e000000| Complete |  0
| 481|0x000000009e100000, 0x000000009e200000, 0x000000009e200000|100%| E|CS|TAMS 0x000000009e100000| PB 0x000000009e100000| Complete |  0
| 482|0x000000009e200000, 0x000000009e300000, 0x000000009e300000|100%| E|CS|TAMS 0x000000009e200000| PB 0x000000009e200000| Complete |  0
| 483|0x000000009e300000, 0x000000009e400000, 0x000000009e400000|100%| E|CS|TAMS 0x000000009e300000| PB 0x000000009e300000| Complete |  0
| 484|0x000000009e400000, 0x000000009e500000, 0x000000009e500000|100%| E|CS|TAMS 0x000000009e400000| PB 0x000000009e400000| Complete |  0
| 485|0x000000009e500000, 0x000000009e600000, 0x000000009e600000|100%| E|CS|TAMS 0x000000009e500000| PB 0x000000009e500000| Complete |  0
| 486|0x000000009e600000, 0x000000009e700000, 0x000000009e700000|100%| E|CS|TAMS 0x000000009e600000| PB 0x000000009e600000| Complete |  0
| 487|0x000000009e700000, 0x000000009e800000, 0x000000009e800000|100%| E|CS|TAMS 0x000000009e700000| PB 0x000000009e700000| Complete |  0
| 488|0x000000009e800000, 0x000000009e900000, 0x000000009e900000|100%| E|CS|TAMS 0x000000009e800000| PB 0x000000009e800000| Complete |  0
| 489|0x000000009e900000, 0x000000009ea00000, 0x000000009ea00000|100%| E|CS|TAMS 0x000000009e900000| PB 0x000000009e900000| Complete |  0
| 490|0x000000009ea00000, 0x000000009eb00000, 0x000000009eb00000|100%| E|CS|TAMS 0x000000009ea00000| PB 0x000000009ea00000| Complete |  0
| 491|0x000000009eb00000, 0x000000009ec00000, 0x000000009ec00000|100%| E|CS|TAMS 0x000000009eb00000| PB 0x000000009eb00000| Complete |  0
| 492|0x000000009ec00000, 0x000000009ed00000, 0x000000009ed00000|100%| E|CS|TAMS 0x000000009ec00000| PB 0x000000009ec00000| Complete |  0
| 493|0x000000009ed00000, 0x000000009ee00000, 0x000000009ee00000|100%| E|CS|TAMS 0x000000009ed00000| PB 0x000000009ed00000| Complete |  0
| 494|0x000000009ee00000, 0x000000009ef00000, 0x000000009ef00000|100%| E|CS|TAMS 0x000000009ee00000| PB 0x000000009ee00000| Complete |  0
| 495|0x000000009ef00000, 0x000000009f000000, 0x000000009f000000|100%| E|CS|TAMS 0x000000009ef00000| PB 0x000000009ef00000| Complete |  0
| 496|0x000000009f000000, 0x000000009f100000, 0x000000009f100000|100%| E|CS|TAMS 0x000000009f000000| PB 0x000000009f000000| Complete |  0
| 497|0x000000009f100000, 0x000000009f200000, 0x000000009f200000|100%| E|CS|TAMS 0x000000009f100000| PB 0x000000009f100000| Complete |  0
| 498|0x000000009f200000, 0x000000009f300000, 0x000000009f300000|100%| E|CS|TAMS 0x000000009f200000| PB 0x000000009f200000| Complete |  0
| 499|0x000000009f300000, 0x000000009f400000, 0x000000009f400000|100%| E|CS|TAMS 0x000000009f300000| PB 0x000000009f300000| Complete |  0
| 500|0x000000009f400000, 0x000000009f500000, 0x000000009f500000|100%| E|CS|TAMS 0x000000009f400000| PB 0x000000009f400000| Complete |  0
| 501|0x000000009f500000, 0x000000009f600000, 0x000000009f600000|100%| E|CS|TAMS 0x000000009f500000| PB 0x000000009f500000| Complete |  0
| 502|0x000000009f600000, 0x000000009f700000, 0x000000009f700000|100%| E|CS|TAMS 0x000000009f600000| PB 0x000000009f600000| Complete |  0
| 503|0x000000009f700000, 0x000000009f800000, 0x000000009f800000|100%| E|CS|TAMS 0x000000009f700000| PB 0x000000009f700000| Complete |  0
| 504|0x000000009f800000, 0x000000009f900000, 0x000000009f900000|100%| E|CS|TAMS 0x000000009f800000| PB 0x000000009f800000| Complete |  0
| 505|0x000000009f900000, 0x000000009fa00000, 0x000000009fa00000|100%| E|CS|TAMS 0x000000009f900000| PB 0x000000009f900000| Complete |  0
| 506|0x000000009fa00000, 0x000000009fb00000, 0x000000009fb00000|100%| E|CS|TAMS 0x000000009fa00000| PB 0x000000009fa00000| Complete |  0
| 507|0x000000009fb00000, 0x000000009fc00000, 0x000000009fc00000|100%| E|CS|TAMS 0x000000009fb00000| PB 0x000000009fb00000| Complete |  0
| 508|0x000000009fc00000, 0x000000009fd00000, 0x000000009fd00000|100%| E|CS|TAMS 0x000000009fc00000| PB 0x000000009fc00000| Complete |  0
| 509|0x000000009fd00000, 0x000000009fe00000, 0x000000009fe00000|100%| E|CS|TAMS 0x000000009fd00000| PB 0x000000009fd00000| Complete |  0
| 510|0x000000009fe00000, 0x000000009ff00000, 0x000000009ff00000|100%| E|CS|TAMS 0x000000009fe00000| PB 0x000000009fe00000| Complete |  0
| 511|0x000000009ff00000, 0x00000000a0000000, 0x00000000a0000000|100%| E|CS|TAMS 0x000000009ff00000| PB 0x000000009ff00000| Complete |  0
| 512|0x00000000a0000000, 0x00000000a0100000, 0x00000000a0100000|100%| E|CS|TAMS 0x00000000a0000000| PB 0x00000000a0000000| Complete |  0
| 513|0x00000000a0100000, 0x00000000a0200000, 0x00000000a0200000|100%| E|CS|TAMS 0x00000000a0100000| PB 0x00000000a0100000| Complete |  0
| 514|0x00000000a0200000, 0x00000000a0300000, 0x00000000a0300000|100%| E|CS|TAMS 0x00000000a0200000| PB 0x00000000a0200000| Complete |  0
| 515|0x00000000a0300000, 0x00000000a0400000, 0x00000000a0400000|100%| E|CS|TAMS 0x00000000a0300000| PB 0x00000000a0300000| Complete |  0
| 516|0x00000000a0400000, 0x00000000a0500000, 0x00000000a0500000|100%| E|CS|TAMS 0x00000000a0400000| PB 0x00000000a0400000| Complete |  0
| 517|0x00000000a0500000, 0x00000000a0600000, 0x00000000a0600000|100%| E|CS|TAMS 0x00000000a0500000| PB 0x00000000a0500000| Complete |  0
| 518|0x00000000a0600000, 0x00000000a0700000, 0x00000000a0700000|100%| E|CS|TAMS 0x00000000a0600000| PB 0x00000000a0600000| Complete |  0
| 519|0x00000000a0700000, 0x00000000a0800000, 0x00000000a0800000|100%| E|CS|TAMS 0x00000000a0700000| PB 0x00000000a0700000| Complete |  0
| 520|0x00000000a0800000, 0x00000000a0900000, 0x00000000a0900000|100%| E|CS|TAMS 0x00000000a0800000| PB 0x00000000a0800000| Complete |  0
| 521|0x00000000a0900000, 0x00000000a0a00000, 0x00000000a0a00000|100%| E|CS|TAMS 0x00000000a0900000| PB 0x00000000a0900000| Complete |  0
| 522|0x00000000a0a00000, 0x00000000a0b00000, 0x00000000a0b00000|100%| E|CS|TAMS 0x00000000a0a00000| PB 0x00000000a0a00000| Complete |  0
| 523|0x00000000a0b00000, 0x00000000a0c00000, 0x00000000a0c00000|100%| E|CS|TAMS 0x00000000a0b00000| PB 0x00000000a0b00000| Complete |  0
| 524|0x00000000a0c00000, 0x00000000a0d00000, 0x00000000a0d00000|100%| E|CS|TAMS 0x00000000a0c00000| PB 0x00000000a0c00000| Complete |  0
| 525|0x00000000a0d00000, 0x00000000a0e00000, 0x00000000a0e00000|100%| E|CS|TAMS 0x00000000a0d00000| PB 0x00000000a0d00000| Complete |  0
| 526|0x00000000a0e00000, 0x00000000a0f00000, 0x00000000a0f00000|100%| E|CS|TAMS 0x00000000a0e00000| PB 0x00000000a0e00000| Complete |  0
| 527|0x00000000a0f00000, 0x00000000a1000000, 0x00000000a1000000|100%| E|CS|TAMS 0x00000000a0f00000| PB 0x00000000a0f00000| Complete |  0
| 528|0x00000000a1000000, 0x00000000a1100000, 0x00000000a1100000|100%| E|CS|TAMS 0x00000000a1000000| PB 0x00000000a1000000| Complete |  0
| 529|0x00000000a1100000, 0x00000000a1200000, 0x00000000a1200000|100%| E|CS|TAMS 0x00000000a1100000| PB 0x00000000a1100000| Complete |  0
| 530|0x00000000a1200000, 0x00000000a1300000, 0x00000000a1300000|100%| E|CS|TAMS 0x00000000a1200000| PB 0x00000000a1200000| Complete |  0
| 531|0x00000000a1300000, 0x00000000a1400000, 0x00000000a1400000|100%| E|CS|TAMS 0x00000000a1300000| PB 0x00000000a1300000| Complete |  0
| 532|0x00000000a1400000, 0x00000000a1500000, 0x00000000a1500000|100%| E|CS|TAMS 0x00000000a1400000| PB 0x00000000a1400000| Complete |  0
| 533|0x00000000a1500000, 0x00000000a1600000, 0x00000000a1600000|100%| E|CS|TAMS 0x00000000a1500000| PB 0x00000000a1500000| Complete |  0
| 534|0x00000000a1600000, 0x00000000a1700000, 0x00000000a1700000|100%| E|CS|TAMS 0x00000000a1600000| PB 0x00000000a1600000| Complete |  0
| 535|0x00000000a1700000, 0x00000000a1800000, 0x00000000a1800000|100%| E|CS|TAMS 0x00000000a1700000| PB 0x00000000a1700000| Complete |  0
| 536|0x00000000a1800000, 0x00000000a1900000, 0x00000000a1900000|100%| E|CS|TAMS 0x00000000a1800000| PB 0x00000000a1800000| Complete |  0
| 537|0x00000000a1900000, 0x00000000a1a00000, 0x00000000a1a00000|100%| E|CS|TAMS 0x00000000a1900000| PB 0x00000000a1900000| Complete |  0
| 538|0x00000000a1a00000, 0x00000000a1b00000, 0x00000000a1b00000|100%| E|CS|TAMS 0x00000000a1a00000| PB 0x00000000a1a00000| Complete |  0
| 539|0x00000000a1b00000, 0x00000000a1c00000, 0x00000000a1c00000|100%| E|CS|TAMS 0x00000000a1b00000| PB 0x00000000a1b00000| Complete |  0
| 540|0x00000000a1c00000, 0x00000000a1d00000, 0x00000000a1d00000|100%| E|CS|TAMS 0x00000000a1c00000| PB 0x00000000a1c00000| Complete |  0
| 541|0x00000000a1d00000, 0x00000000a1e00000, 0x00000000a1e00000|100%| E|CS|TAMS 0x00000000a1d00000| PB 0x00000000a1d00000| Complete |  0
| 542|0x00000000a1e00000, 0x00000000a1f00000, 0x00000000a1f00000|100%| E|CS|TAMS 0x00000000a1e00000| PB 0x00000000a1e00000| Complete |  0
| 543|0x00000000a1f00000, 0x00000000a2000000, 0x00000000a2000000|100%| E|CS|TAMS 0x00000000a1f00000| PB 0x00000000a1f00000| Complete |  0
| 544|0x00000000a2000000, 0x00000000a2100000, 0x00000000a2100000|100%| E|CS|TAMS 0x00000000a2000000| PB 0x00000000a2000000| Complete |  0
| 545|0x00000000a2100000, 0x00000000a2200000, 0x00000000a2200000|100%| E|CS|TAMS 0x00000000a2100000| PB 0x00000000a2100000| Complete |  0
| 546|0x00000000a2200000, 0x00000000a2300000, 0x00000000a2300000|100%| E|CS|TAMS 0x00000000a2200000| PB 0x00000000a2200000| Complete |  0
| 547|0x00000000a2300000, 0x00000000a2400000, 0x00000000a2400000|100%| E|CS|TAMS 0x00000000a2300000| PB 0x00000000a2300000| Complete |  0
| 548|0x00000000a2400000, 0x00000000a2500000, 0x00000000a2500000|100%| E|CS|TAMS 0x00000000a2400000| PB 0x00000000a2400000| Complete |  0
| 549|0x00000000a2500000, 0x00000000a2600000, 0x00000000a2600000|100%| E|CS|TAMS 0x00000000a2500000| PB 0x00000000a2500000| Complete |  0
| 550|0x00000000a2600000, 0x00000000a2700000, 0x00000000a2700000|100%| E|CS|TAMS 0x00000000a2600000| PB 0x00000000a2600000| Complete |  0
| 551|0x00000000a2700000, 0x00000000a2800000, 0x00000000a2800000|100%| E|CS|TAMS 0x00000000a2700000| PB 0x00000000a2700000| Complete |  0
| 552|0x00000000a2800000, 0x00000000a2900000, 0x00000000a2900000|100%| E|CS|TAMS 0x00000000a2800000| PB 0x00000000a2800000| Complete |  0
| 553|0x00000000a2900000, 0x00000000a2a00000, 0x00000000a2a00000|100%| E|CS|TAMS 0x00000000a2900000| PB 0x00000000a2900000| Complete |  0
| 554|0x00000000a2a00000, 0x00000000a2b00000, 0x00000000a2b00000|100%| E|CS|TAMS 0x00000000a2a00000| PB 0x00000000a2a00000| Complete |  0
| 555|0x00000000a2b00000, 0x00000000a2c00000, 0x00000000a2c00000|100%| E|CS|TAMS 0x00000000a2b00000| PB 0x00000000a2b00000| Complete |  0
| 556|0x00000000a2c00000, 0x00000000a2d00000, 0x00000000a2d00000|100%| E|CS|TAMS 0x00000000a2c00000| PB 0x00000000a2c00000| Complete |  0
| 557|0x00000000a2d00000, 0x00000000a2e00000, 0x00000000a2e00000|100%| E|CS|TAMS 0x00000000a2d00000| PB 0x00000000a2d00000| Complete |  0
| 558|0x00000000a2e00000, 0x00000000a2f00000, 0x00000000a2f00000|100%| E|CS|TAMS 0x00000000a2e00000| PB 0x00000000a2e00000| Complete |  0
| 559|0x00000000a2f00000, 0x00000000a3000000, 0x00000000a3000000|100%| E|CS|TAMS 0x00000000a2f00000| PB 0x00000000a2f00000| Complete |  0
| 560|0x00000000a3000000, 0x00000000a3100000, 0x00000000a3100000|100%| E|CS|TAMS 0x00000000a3000000| PB 0x00000000a3000000| Complete |  0
| 561|0x00000000a3100000, 0x00000000a3200000, 0x00000000a3200000|100%| E|CS|TAMS 0x00000000a3100000| PB 0x00000000a3100000| Complete |  0
| 562|0x00000000a3200000, 0x00000000a3300000, 0x00000000a3300000|100%| E|CS|TAMS 0x00000000a3200000| PB 0x00000000a3200000| Complete |  0
| 563|0x00000000a3300000, 0x00000000a3400000, 0x00000000a3400000|100%| E|CS|TAMS 0x00000000a3300000| PB 0x00000000a3300000| Complete |  0
| 564|0x00000000a3400000, 0x00000000a3500000, 0x00000000a3500000|100%| E|CS|TAMS 0x00000000a3400000| PB 0x00000000a3400000| Complete |  0
| 565|0x00000000a3500000, 0x00000000a3600000, 0x00000000a3600000|100%| E|CS|TAMS 0x00000000a3500000| PB 0x00000000a3500000| Complete |  0
| 566|0x00000000a3600000, 0x00000000a3700000, 0x00000000a3700000|100%| E|CS|TAMS 0x00000000a3600000| PB 0x00000000a3600000| Complete |  0
| 567|0x00000000a3700000, 0x00000000a3800000, 0x00000000a3800000|100%| E|CS|TAMS 0x00000000a3700000| PB 0x00000000a3700000| Complete |  0
| 568|0x00000000a3800000, 0x00000000a3900000, 0x00000000a3900000|100%| E|CS|TAMS 0x00000000a3800000| PB 0x00000000a3800000| Complete |  0
| 569|0x00000000a3900000, 0x00000000a3a00000, 0x00000000a3a00000|100%| E|CS|TAMS 0x00000000a3900000| PB 0x00000000a3900000| Complete |  0
| 570|0x00000000a3a00000, 0x00000000a3b00000, 0x00000000a3b00000|100%| E|CS|TAMS 0x00000000a3a00000| PB 0x00000000a3a00000| Complete |  0
| 571|0x00000000a3b00000, 0x00000000a3c00000, 0x00000000a3c00000|100%| E|CS|TAMS 0x00000000a3b00000| PB 0x00000000a3b00000| Complete |  0
| 572|0x00000000a3c00000, 0x00000000a3d00000, 0x00000000a3d00000|100%| E|CS|TAMS 0x00000000a3c00000| PB 0x00000000a3c00000| Complete |  0
| 573|0x00000000a3d00000, 0x00000000a3e00000, 0x00000000a3e00000|100%| E|CS|TAMS 0x00000000a3d00000| PB 0x00000000a3d00000| Complete |  0
| 574|0x00000000a3e00000, 0x00000000a3f00000, 0x00000000a3f00000|100%| E|CS|TAMS 0x00000000a3e00000| PB 0x00000000a3e00000| Complete |  0
| 575|0x00000000a3f00000, 0x00000000a4000000, 0x00000000a4000000|100%| E|CS|TAMS 0x00000000a3f00000| PB 0x00000000a3f00000| Complete |  0
| 576|0x00000000a4000000, 0x00000000a4100000, 0x00000000a4100000|100%| E|CS|TAMS 0x00000000a4000000| PB 0x00000000a4000000| Complete |  0
| 577|0x00000000a4100000, 0x00000000a4200000, 0x00000000a4200000|100%| E|CS|TAMS 0x00000000a4100000| PB 0x00000000a4100000| Complete |  0
| 578|0x00000000a4200000, 0x00000000a4300000, 0x00000000a4300000|100%| E|CS|TAMS 0x00000000a4200000| PB 0x00000000a4200000| Complete |  0
| 579|0x00000000a4300000, 0x00000000a4400000, 0x00000000a4400000|100%| E|CS|TAMS 0x00000000a4300000| PB 0x00000000a4300000| Complete |  0
| 580|0x00000000a4400000, 0x00000000a4500000, 0x00000000a4500000|100%| E|CS|TAMS 0x00000000a4400000| PB 0x00000000a4400000| Complete |  0
| 581|0x00000000a4500000, 0x00000000a4600000, 0x00000000a4600000|100%| E|CS|TAMS 0x00000000a4500000| PB 0x00000000a4500000| Complete |  0
| 582|0x00000000a4600000, 0x00000000a4700000, 0x00000000a4700000|100%| E|CS|TAMS 0x00000000a4600000| PB 0x00000000a4600000| Complete |  0
| 583|0x00000000a4700000, 0x00000000a4800000, 0x00000000a4800000|100%| E|CS|TAMS 0x00000000a4700000| PB 0x00000000a4700000| Complete |  0
| 584|0x00000000a4800000, 0x00000000a4900000, 0x00000000a4900000|100%| S|CS|TAMS 0x00000000a4800000| PB 0x00000000a4800000| Complete |  0
| 585|0x00000000a4900000, 0x00000000a4a00000, 0x00000000a4a00000|100%| S|CS|TAMS 0x00000000a4900000| PB 0x00000000a4900000| Complete |  0
| 586|0x00000000a4a00000, 0x00000000a4b00000, 0x00000000a4b00000|100%| S|CS|TAMS 0x00000000a4a00000| PB 0x00000000a4a00000| Complete |  0
| 587|0x00000000a4b00000, 0x00000000a4c00000, 0x00000000a4c00000|100%| S|CS|TAMS 0x00000000a4b00000| PB 0x00000000a4b00000| Complete |  0
|2003|0x00000000fd300000, 0x00000000fd3e1780, 0x00000000fd400000| 88%| O|  |TAMS 0x00000000fd300000| PB 0x00000000fd300000| Untracked |  0
|2004|0x00000000fd400000, 0x00000000fd500000, 0x00000000fd500000|100%| O|  |TAMS 0x00000000fd400000| PB 0x00000000fd400000| Untracked |  0
|2005|0x00000000fd500000, 0x00000000fd600000, 0x00000000fd600000|100%| O|  |TAMS 0x00000000fd500000| PB 0x00000000fd500000| Untracked |  0
|2006|0x00000000fd600000, 0x00000000fd700000, 0x00000000fd700000|100%| O|  |TAMS 0x00000000fd600000| PB 0x00000000fd600000| Untracked |  0
|2007|0x00000000fd700000, 0x00000000fd800000, 0x00000000fd800000|100%| E|CS|TAMS 0x00000000fd700000| PB 0x00000000fd700000| Complete |  0
|2008|0x00000000fd800000, 0x00000000fd900000, 0x00000000fd900000|100%| E|CS|TAMS 0x00000000fd800000| PB 0x00000000fd800000| Complete |  0
|2009|0x00000000fd900000, 0x00000000fda00000, 0x00000000fda00000|100%| E|CS|TAMS 0x00000000fd900000| PB 0x00000000fd900000| Complete |  0
|2010|0x00000000fda00000, 0x00000000fdb00000, 0x00000000fdb00000|100%| E|CS|TAMS 0x00000000fda00000| PB 0x00000000fda00000| Complete |  0
|2011|0x00000000fdb00000, 0x00000000fdc00000, 0x00000000fdc00000|100%| E|CS|TAMS 0x00000000fdb00000| PB 0x00000000fdb00000| Complete |  0
|2012|0x00000000fdc00000, 0x00000000fdd00000, 0x00000000fdd00000|100%| E|CS|TAMS 0x00000000fdc00000| PB 0x00000000fdc00000| Complete |  0
|2013|0x00000000fdd00000, 0x00000000fde00000, 0x00000000fde00000|100%| E|CS|TAMS 0x00000000fdd00000| PB 0x00000000fdd00000| Complete |  0
|2014|0x00000000fde00000, 0x00000000fdf00000, 0x00000000fdf00000|100%| E|CS|TAMS 0x00000000fde00000| PB 0x00000000fde00000| Complete |  0
|2015|0x00000000fdf00000, 0x00000000fe000000, 0x00000000fe000000|100%| E|CS|TAMS 0x00000000fdf00000| PB 0x00000000fdf00000| Complete |  0
|2016|0x00000000fe000000, 0x00000000fe100000, 0x00000000fe100000|100%| E|CS|TAMS 0x00000000fe000000| PB 0x00000000fe000000| Complete |  0
|2017|0x00000000fe100000, 0x00000000fe200000, 0x00000000fe200000|100%| E|CS|TAMS 0x00000000fe100000| PB 0x00000000fe100000| Complete |  0
|2018|0x00000000fe200000, 0x00000000fe300000, 0x00000000fe300000|100%| E|CS|TAMS 0x00000000fe200000| PB 0x00000000fe200000| Complete |  0
|2019|0x00000000fe300000, 0x00000000fe400000, 0x00000000fe400000|100%| E|CS|TAMS 0x00000000fe300000| PB 0x00000000fe300000| Complete |  0
|2020|0x00000000fe400000, 0x00000000fe500000, 0x00000000fe500000|100%| E|CS|TAMS 0x00000000fe400000| PB 0x00000000fe400000| Complete |  0
|2021|0x00000000fe500000, 0x00000000fe600000, 0x00000000fe600000|100%| E|CS|TAMS 0x00000000fe500000| PB 0x00000000fe500000| Complete |  0
|2022|0x00000000fe600000, 0x00000000fe700000, 0x00000000fe700000|100%| E|CS|TAMS 0x00000000fe600000| PB 0x00000000fe600000| Complete |  0
|2023|0x00000000fe700000, 0x00000000fe800000, 0x00000000fe800000|100%| E|CS|TAMS 0x00000000fe700000| PB 0x00000000fe700000| Complete |  0
|2024|0x00000000fe800000, 0x00000000fe900000, 0x00000000fe900000|100%| E|CS|TAMS 0x00000000fe800000| PB 0x00000000fe800000| Complete |  0
|2025|0x00000000fe900000, 0x00000000fea00000, 0x00000000fea00000|100%| E|CS|TAMS 0x00000000fe900000| PB 0x00000000fe900000| Complete |  0
|2026|0x00000000fea00000, 0x00000000feb00000, 0x00000000feb00000|100%| E|CS|TAMS 0x00000000fea00000| PB 0x00000000fea00000| Complete |  0
|2027|0x00000000feb00000, 0x00000000fec00000, 0x00000000fec00000|100%| E|CS|TAMS 0x00000000feb00000| PB 0x00000000feb00000| Complete |  0
|2028|0x00000000fec00000, 0x00000000fed00000, 0x00000000fed00000|100%| E|CS|TAMS 0x00000000fec00000| PB 0x00000000fec00000| Complete |  0
|2029|0x00000000fed00000, 0x00000000fee00000, 0x00000000fee00000|100%| E|CS|TAMS 0x00000000fed00000| PB 0x00000000fed00000| Complete |  0
|2030|0x00000000fee00000, 0x00000000fef00000, 0x00000000fef00000|100%| E|CS|TAMS 0x00000000fee00000| PB 0x00000000fee00000| Complete |  0
|2031|0x00000000fef00000, 0x00000000ff000000, 0x00000000ff000000|100%| E|CS|TAMS 0x00000000fef00000| PB 0x00000000fef00000| Complete |  0
|2032|0x00000000ff000000, 0x00000000ff100000, 0x00000000ff100000|100%| E|CS|TAMS 0x00000000ff000000| PB 0x00000000ff000000| Complete |  0
|2033|0x00000000ff100000, 0x00000000ff200000, 0x00000000ff200000|100%| E|CS|TAMS 0x00000000ff100000| PB 0x00000000ff100000| Complete |  0
|2034|0x00000000ff200000, 0x00000000ff300000, 0x00000000ff300000|100%| E|CS|TAMS 0x00000000ff200000| PB 0x00000000ff200000| Complete |  0
|2035|0x00000000ff300000, 0x00000000ff400000, 0x00000000ff400000|100%| E|CS|TAMS 0x00000000ff300000| PB 0x00000000ff300000| Complete |  0
|2036|0x00000000ff400000, 0x00000000ff500000, 0x00000000ff500000|100%| O|  |TAMS 0x00000000ff400000| PB 0x00000000ff400000| Untracked |  0
|2037|0x00000000ff500000, 0x00000000ff600000, 0x00000000ff600000|100%| E|CS|TAMS 0x00000000ff500000| PB 0x00000000ff500000| Complete |  0
|2038|0x00000000ff600000, 0x00000000ff700000, 0x00000000ff700000|100%| O|  |TAMS 0x00000000ff600000| PB 0x00000000ff600000| Untracked |  0
|2039|0x00000000ff700000, 0x00000000ff800000, 0x00000000ff800000|100%| E|CS|TAMS 0x00000000ff700000| PB 0x00000000ff700000| Complete |  0
|2040|0x00000000ff800000, 0x00000000ff900000, 0x00000000ff900000|100%| E|CS|TAMS 0x00000000ff800000| PB 0x00000000ff800000| Complete |  0
|2041|0x00000000ff900000, 0x00000000ffa00000, 0x00000000ffa00000|100%| E|CS|TAMS 0x00000000ff900000| PB 0x00000000ff900000| Complete |  0
|2042|0x00000000ffa00000, 0x00000000ffb00000, 0x00000000ffb00000|100%| E|CS|TAMS 0x00000000ffa00000| PB 0x00000000ffa00000| Complete |  0
|2043|0x00000000ffb00000, 0x00000000ffc00000, 0x00000000ffc00000|100%| E|CS|TAMS 0x00000000ffb00000| PB 0x00000000ffb00000| Complete |  0
|2044|0x00000000ffc00000, 0x00000000ffd00000, 0x00000000ffd00000|100%| E|CS|TAMS 0x00000000ffc00000| PB 0x00000000ffc00000| Complete |  0
|2045|0x00000000ffd00000, 0x00000000ffe00000, 0x00000000ffe00000|100%| E|CS|TAMS 0x00000000ffd00000| PB 0x00000000ffd00000| Complete |  0
|2046|0x00000000ffe00000, 0x00000000fff00000, 0x00000000fff00000|100%| O|  |TAMS 0x00000000ffe00000| PB 0x00000000ffe00000| Untracked |  0
|2047|0x00000000fff00000, 0x0000000100000000, 0x0000000100000000|100%| E|CS|TAMS 0x00000000fff00000| PB 0x00000000fff00000| Complete |  0

Card table byte_map: [0x00000159ed330000,0x00000159ed730000] _byte_map_base: 0x00000159ecf30000

Marking Bits: (CMBitMap*) 0x00000159d3007810
 Bits: [0x00000159ed730000, 0x00000159ef730000)

Polling page: 0x00000159d2d00000

Metaspace:
Metaspace        used 186486K, committed 188672K, reserved 1245184K
 class space     used 25330K, committed 26432K, reserved 1048576K

Usage:
  Non-class:    157.38 MB used.
      Class:     24.74 MB used.
       Both:    182.12 MB used.

Virtual space:
  Non-class space:      192.00 MB reserved,     158.44 MB ( 83%) committed,  3 nodes.
      Class space:        1.00 GB reserved,      25.81 MB (  3%) committed,  1 nodes.
             Both:        1.19 GB reserved,     184.25 MB ( 15%) committed. 

Chunk freelists:
   Non-Class:  1.45 MB
       Class:  6.18 MB
        Both:  7.64 MB

MaxMetaspaceSize: unlimited
CompressedClassSpaceSize: 1.00 GB
Initial GC threshold: 21.00 MB
Current GC threshold: 297.19 MB
CDS: on
 - commit_granule_bytes: 65536.
 - commit_granule_words: 8192.
 - virtual_space_node_default_size: 8388608.
 - enlarge_chunks_in_place: 1.
UseCompressedClassPointers 1, UseCompactObjectHeaders 0
Narrow klass pointer bits 32, Max shift 3
Narrow klass base: 0x0000000021000000, Narrow klass shift: 0
Encoding Range: [0x0000000021000000 - 0x0000000121000000), (4294967296 bytes)
Klass Range:    [0x0000000021010000 - 0x0000000062000000), (1090453504 bytes)
Klass ID Range:  [65536 - 1090519033) (1090453497)
Protection zone: [0x0000000021000000 - 0x0000000021010000), (65536 bytes)


Internal statistics:

num_allocs_failed_limit: 6.
num_arena_births: 7322.
num_arena_deaths: 3556.
num_vsnodes_births: 4.
num_vsnodes_deaths: 0.
num_space_committed: 2948.
num_space_uncommitted: 1.
num_chunks_returned_to_freelist: 4113.
num_chunks_taken_from_freelist: 17220.
num_chunk_merges: 1348.
num_chunk_splits: 10120.
num_chunks_enlarged: 6528.
num_inconsistent_stats: 0.

CodeHeap 'non-profiled nmethods': size=120064Kb used=18943Kb max_used=19277Kb free=101120Kb
 bounds [0x00000159e4c60000, 0x00000159e5f70000, 0x00000159ec1a0000]
CodeHeap 'profiled nmethods': size=120064Kb used=34525Kb max_used=38530Kb free=85538Kb
 bounds [0x00000159dd180000, 0x00000159df7c0000, 0x00000159e46c0000]
CodeHeap 'non-nmethods': size=5760Kb used=2373Kb max_used=2555Kb free=3386Kb
 bounds [0x00000159e46c0000, 0x00000159e4950000, 0x00000159e4c60000]
CodeCache: size=245888Kb, used=55841Kb, max_used=60362Kb, free=190044Kb
 total_blobs=24236, nmethods=23071, adapters=1064, full_count=0
Compilation: enabled, stopped_count=0, restarted_count=0

Compilation events (20 events):
Event: 3700.710 Thread 0x00000159f249c5c0 58199       3       org.gradle.execution.plan.DefaultExecutionPlan$$Lambda/0x0000000022f91b20::accept (8 bytes)
Event: 3700.710 Thread 0x00000159f249c5c0 nmethod 58199 0x00000159de96f888 code [0x00000159de96f980, 0x00000159de96fbb0]
Event: 3700.710 Thread 0x00000159f249c5c0 58200       3       org.gradle.execution.plan.DefaultExecutionPlan::lambda$new$0 (1 bytes)
Event: 3700.710 Thread 0x00000159f249c5c0 nmethod 58200 0x00000159dde44508 code [0x00000159dde44600, 0x00000159dde446e8]
Event: 3700.710 Thread 0x00000159f249c5c0 58201       3       org.gradle.internal.build.DefaultBuildWorkGraphController$DefaultBuildWorkGraph$$Lambda/0x0000000022f926b8::accept (12 bytes)
Event: 3700.710 Thread 0x00000159f249c5c0 nmethod 58201 0x00000159de3cd508 code [0x00000159de3cd600, 0x00000159de3cde20]
Event: 3700.710 Thread 0x00000159f249c5c0 58202       3       org.gradle.internal.build.DefaultBuildWorkGraphController$DefaultBuildWorkGraph::nodeComplete (34 bytes)
Event: 3700.711 Thread 0x00000159f249c5c0 nmethod 58202 0x00000159de942b88 code [0x00000159de942c80, 0x00000159de943360]
Event: 3700.714 Thread 0x0000015984548240 nmethod 58196 0x00000159e5b99588 code [0x00000159e5b99680, 0x00000159e5b99c50]
Event: 3700.714 Thread 0x0000015984548240 58193       4       org.gradle.tooling.internal.provider.runner.OperationDependenciesResolver$$Lambda/0x00000000230f4000::apply (12 bytes)
Event: 3700.718 Thread 0x0000015984548240 nmethod 58193 0x00000159e57a7408 code [0x00000159e57a7500, 0x00000159e57a7a30]
Event: 3700.718 Thread 0x0000015984548240 58183       4       org.gradle.api.internal.file.DelegatingFileCollectionStructureVisitor::prepareForVisit (11 bytes)
Event: 3700.719 Thread 0x0000015984548240 nmethod 58183 0x00000159e588b508 code [0x00000159e588b600, 0x00000159e588b748]
Event: 3700.719 Thread 0x0000015984548240 58203       4       org.gradle.tooling.internal.provider.runner.OperationDependenciesResolver$$Lambda/0x00000000230f4250::test (8 bytes)
Event: 3700.719 Thread 0x0000015984548240 nmethod 58203 0x00000159e590ef08 code [0x00000159e590f000, 0x00000159e590f0a8]
Event: 3700.724 Thread 0x0000015984548240 58204       4       com.google.common.collect.CollectCollectors$$Lambda/0x000000002260cc90::get (4 bytes)
Event: 3700.724 Thread 0x0000015984548240 nmethod 58204 0x00000159e593ac88 code [0x00000159e593ad80, 0x00000159e593ae60]
Event: 3700.726 Thread 0x0000015984548240 58205   !   4       com.google.common.collect.Sets::equalsImpl (55 bytes)
Event: 3700.728 Thread 0x00000159f249c5c0 58206  s    3       org.jetbrains.kotlin.gradle.plugin.statistics.BuildFusService::onFinish (105 bytes)
Event: 3700.729 Thread 0x0000015984548240 nmethod 58205 0x00000159e57b8c88 code [0x00000159e57b8d80, 0x00000159e57b9030]

GC Heap Usage History (20 events):
Event: 3085.583 {heap Before GC invocations=144 (full 0):
 garbage-first heap   total reserved 2097152K, committed 601088K, used 505856K [0x0000000080000000, 0x0000000100000000)
  region size 1024K, 243 young (248832K), 22 survivors (22528K)
}
Event: 3085.591 {heap After GC invocations=145 (full 0):
 garbage-first heap   total reserved 2097152K, committed 601088K, used 286161K [0x0000000080000000, 0x0000000100000000)
  region size 1024K, 10 young (10240K), 10 survivors (10240K)
}
Event: 3085.810 {heap Before GC invocations=145 (full 0):
 garbage-first heap   total reserved 2097152K, committed 601088K, used 545233K [0x0000000080000000, 0x0000000100000000)
  region size 1024K, 263 young (269312K), 10 survivors (10240K)
}
Event: 3085.816 {heap After GC invocations=146 (full 0):
 garbage-first heap   total reserved 2097152K, committed 601088K, used 249856K [0x0000000080000000, 0x0000000100000000)
  region size 1024K, 14 young (14336K), 14 survivors (14336K)
}
Event: 3086.104 {heap Before GC invocations=146 (full 0):
 garbage-first heap   total reserved 2097152K, committed 601088K, used 549888K [0x0000000080000000, 0x0000000100000000)
  region size 1024K, 308 young (315392K), 14 survivors (14336K)
}
Event: 3086.109 {heap After GC invocations=147 (full 0):
 garbage-first heap   total reserved 2097152K, committed 601088K, used 250880K [0x0000000080000000, 0x0000000100000000)
  region size 1024K, 15 young (15360K), 15 survivors (15360K)
}
Event: 3086.407 {heap Before GC invocations=148 (full 0):
 garbage-first heap   total reserved 2097152K, committed 601088K, used 542720K [0x0000000080000000, 0x0000000100000000)
  region size 1024K, 315 young (322560K), 15 survivors (15360K)
}
Event: 3086.414 {heap After GC invocations=149 (full 0):
 garbage-first heap   total reserved 2097152K, committed 601088K, used 238297K [0x0000000080000000, 0x0000000100000000)
  region size 1024K, 17 young (17408K), 17 survivors (17408K)
}
Event: 3086.634 {heap Before GC invocations=149 (full 0):
 garbage-first heap   total reserved 2097152K, committed 601088K, used 559833K [0x0000000080000000, 0x0000000100000000)
  region size 1024K, 332 young (339968K), 17 survivors (17408K)
}
Event: 3086.641 {heap After GC invocations=150 (full 0):
 garbage-first heap   total reserved 2097152K, committed 601088K, used 215642K [0x0000000080000000, 0x0000000100000000)
  region size 1024K, 12 young (12288K), 12 survivors (12288K)
}
Event: 3087.017 {heap Before GC invocations=150 (full 0):
 garbage-first heap   total reserved 2097152K, committed 601088K, used 327258K [0x0000000080000000, 0x0000000100000000)
  region size 1024K, 123 young (125952K), 12 survivors (12288K)
}
Event: 3087.022 {heap After GC invocations=151 (full 0):
 garbage-first heap   total reserved 2097152K, committed 601088K, used 222274K [0x0000000080000000, 0x0000000100000000)
  region size 1024K, 18 young (18432K), 18 survivors (18432K)
}
Event: 3339.422 {heap Before GC invocations=152 (full 0):
 garbage-first heap   total reserved 2097152K, committed 601088K, used 590914K [0x0000000080000000, 0x0000000100000000)
  region size 1024K, 352 young (360448K), 18 survivors (18432K)
}
Event: 3339.433 {heap After GC invocations=153 (full 0):
 garbage-first heap   total reserved 2097152K, committed 621568K, used 232514K [0x0000000080000000, 0x0000000100000000)
  region size 1024K, 28 young (28672K), 28 survivors (28672K)
}
Event: 3373.287 {heap Before GC invocations=153 (full 0):
 garbage-first heap   total reserved 2097152K, committed 621568K, used 600130K [0x0000000080000000, 0x0000000100000000)
  region size 1024K, 361 young (369664K), 28 survivors (28672K)
}
Event: 3373.303 {heap After GC invocations=154 (full 0):
 garbage-first heap   total reserved 2097152K, committed 641024K, used 229026K [0x0000000080000000, 0x0000000100000000)
  region size 1024K, 29 young (29696K), 29 survivors (29696K)
}
Event: 3373.799 {heap Before GC invocations=154 (full 0):
 garbage-first heap   total reserved 2097152K, committed 641024K, used 336546K [0x0000000080000000, 0x0000000100000000)
  region size 1024K, 136 young (139264K), 29 survivors (29696K)
}
Event: 3373.808 {heap After GC invocations=155 (full 0):
 garbage-first heap   total reserved 2097152K, committed 641024K, used 236481K [0x0000000080000000, 0x0000000100000000)
  region size 1024K, 33 young (33792K), 33 survivors (33792K)
}
Event: 3620.738 {heap Before GC invocations=156 (full 0):
 garbage-first heap   total reserved 2097152K, committed 641024K, used 588737K [0x0000000080000000, 0x0000000100000000)
  region size 1024K, 375 young (384000K), 33 survivors (33792K)
}
Event: 3620.760 {heap After GC invocations=157 (full 0):
 garbage-first heap   total reserved 2097152K, committed 648192K, used 262021K [0x0000000080000000, 0x0000000100000000)
  region size 1024K, 38 young (38912K), 38 survivors (38912K)
}

Metaspace Usage History (20 events):
Event: 3085.583 {metaspace Before GC invocations=144 (full 0):
 Metaspace       used 173202K, committed 178368K, reserved 1245184K
  class space    used 23635K, committed 25792K, reserved 1048576K
}
Event: 3085.591 {metaspace After GC invocations=145 (full 0):
 Metaspace       used 173202K, committed 178368K, reserved 1245184K
  class space    used 23635K, committed 25792K, reserved 1048576K
}
Event: 3085.810 {metaspace Before GC invocations=145 (full 0):
 Metaspace       used 173273K, committed 178368K, reserved 1245184K
  class space    used 23635K, committed 25792K, reserved 1048576K
}
Event: 3085.816 {metaspace After GC invocations=146 (full 0):
 Metaspace       used 173273K, committed 178368K, reserved 1245184K
  class space    used 23635K, committed 25792K, reserved 1048576K
}
Event: 3086.104 {metaspace Before GC invocations=146 (full 0):
 Metaspace       used 173344K, committed 178368K, reserved 1245184K
  class space    used 23636K, committed 25792K, reserved 1048576K
}
Event: 3086.109 {metaspace After GC invocations=147 (full 0):
 Metaspace       used 173344K, committed 178368K, reserved 1245184K
  class space    used 23636K, committed 25792K, reserved 1048576K
}
Event: 3086.407 {metaspace Before GC invocations=148 (full 0):
 Metaspace       used 173331K, committed 178368K, reserved 1245184K
  class space    used 23627K, committed 25792K, reserved 1048576K
}
Event: 3086.414 {metaspace After GC invocations=149 (full 0):
 Metaspace       used 173331K, committed 178368K, reserved 1245184K
  class space    used 23627K, committed 25792K, reserved 1048576K
}
Event: 3086.634 {metaspace Before GC invocations=149 (full 0):
 Metaspace       used 173391K, committed 178368K, reserved 1245184K
  class space    used 23627K, committed 25792K, reserved 1048576K
}
Event: 3086.641 {metaspace After GC invocations=150 (full 0):
 Metaspace       used 173391K, committed 178368K, reserved 1245184K
  class space    used 23627K, committed 25792K, reserved 1048576K
}
Event: 3087.017 {metaspace Before GC invocations=150 (full 0):
 Metaspace       used 173444K, committed 178368K, reserved 1245184K
  class space    used 23627K, committed 25792K, reserved 1048576K
}
Event: 3087.022 {metaspace After GC invocations=151 (full 0):
 Metaspace       used 173444K, committed 178368K, reserved 1245184K
  class space    used 23627K, committed 25792K, reserved 1048576K
}
Event: 3339.422 {metaspace Before GC invocations=152 (full 0):
 Metaspace       used 173628K, committed 178432K, reserved 1245184K
  class space    used 23643K, committed 25792K, reserved 1048576K
}
Event: 3339.433 {metaspace After GC invocations=153 (full 0):
 Metaspace       used 173628K, committed 178432K, reserved 1245184K
  class space    used 23643K, committed 25792K, reserved 1048576K
}
Event: 3373.287 {metaspace Before GC invocations=153 (full 0):
 Metaspace       used 175690K, committed 178688K, reserved 1245184K
  class space    used 23935K, committed 25792K, reserved 1048576K
}
Event: 3373.303 {metaspace After GC invocations=154 (full 0):
 Metaspace       used 175690K, committed 178688K, reserved 1245184K
  class space    used 23935K, committed 25792K, reserved 1048576K
}
Event: 3373.799 {metaspace Before GC invocations=154 (full 0):
 Metaspace       used 179063K, committed 181504K, reserved 1245184K
  class space    used 24422K, committed 25792K, reserved 1048576K
}
Event: 3373.808 {metaspace After GC invocations=155 (full 0):
 Metaspace       used 179063K, committed 181504K, reserved 1245184K
  class space    used 24422K, committed 25792K, reserved 1048576K
}
Event: 3620.738 {metaspace Before GC invocations=156 (full 0):
 Metaspace       used 186311K, committed 188480K, reserved 1245184K
  class space    used 25320K, committed 26368K, reserved 1048576K
}
Event: 3620.761 {metaspace After GC invocations=157 (full 0):
 Metaspace       used 186311K, committed 188480K, reserved 1245184K
  class space    used 25320K, committed 26368K, reserved 1048576K
}

Dll operation events (15 events):
Event: 0.012 Loaded shared library D:\Gradle\.gradle\jdks\eclipse_adoptium-25-amd64-windows.2\bin\java.dll
Event: 0.055 Loaded shared library D:\Gradle\.gradle\jdks\eclipse_adoptium-25-amd64-windows.2\bin\zip.dll
Event: 0.058 Loaded shared library D:\Gradle\.gradle\jdks\eclipse_adoptium-25-amd64-windows.2\bin\instrument.dll
Event: 0.060 Loaded shared library D:\Gradle\.gradle\jdks\eclipse_adoptium-25-amd64-windows.2\bin\net.dll
Event: 0.061 Loaded shared library D:\Gradle\.gradle\jdks\eclipse_adoptium-25-amd64-windows.2\bin\nio.dll
Event: 0.063 Loaded shared library D:\Gradle\.gradle\jdks\eclipse_adoptium-25-amd64-windows.2\bin\zip.dll
Event: 0.128 Loaded shared library D:\Gradle\.gradle\jdks\eclipse_adoptium-25-amd64-windows.2\bin\jimage.dll
Event: 0.239 Loaded shared library D:\Gradle\.gradle\jdks\eclipse_adoptium-25-amd64-windows.2\bin\verify.dll
Event: 0.253 Loaded shared library D:\Gradle\.gradle\native\660c5614fbf4a5f2a75b1949f50a0caf5cd603558e7d8a26e50b933a0cfb79d1\windows-amd64\native-platform.dll
Event: 0.262 Loaded shared library D:\Gradle\.gradle\native\0.2.8\x86_64-windows-gnu\gradle-fileevents.dll
Event: 0.931 Loaded shared library D:\Gradle\.gradle\jdks\eclipse_adoptium-25-amd64-windows.2\bin\management.dll
Event: 0.935 Loaded shared library D:\Gradle\.gradle\jdks\eclipse_adoptium-25-amd64-windows.2\bin\management_ext.dll
Event: 1.058 Loaded shared library D:\Gradle\.gradle\jdks\eclipse_adoptium-25-amd64-windows.2\bin\extnet.dll
Event: 1.172 Loaded shared library D:\Gradle\.gradle\jdks\eclipse_adoptium-25-amd64-windows.2\bin\sunmscapi.dll
Event: 95.762 Loaded shared library D:\Gradle\.gradle\jdks\eclipse_adoptium-25-amd64-windows.2\bin\rmi.dll

Deoptimization events (20 events):
Event: 3374.815 Thread 0x000001598d442cd0 Uncommon trap: trap_request=0xffffffde fr.pc=0x00000159e57f1f48 relative=0x00000000000026c8
Event: 3374.815 Thread 0x000001598d442cd0 Uncommon trap: reason=class_check action=maybe_recompile pc=0x00000159e57f1f48 method=org.gradle.tooling.internal.adapter.ProtocolToModelAdapter$ViewKey.hashCode()I @ 11 c2
Event: 3374.815 Thread 0x000001598d442cd0 DEOPT PACKING pc=0x00000159e57f1f48 sp=0x0000004e905fe0e0
Event: 3374.815 Thread 0x000001598d442cd0 DEOPT UNPACKING pc=0x00000159e47e2402 sp=0x0000004e905fdea8 mode 2
Event: 3374.832 Thread 0x00000159ff8e4d40 Uncommon trap: trap_request=0xffffffc6 fr.pc=0x00000159e550e7dc relative=0x0000000000001a5c
Event: 3374.832 Thread 0x00000159ff8e4d40 Uncommon trap: reason=bimorphic_or_optimized_type_check action=maybe_recompile pc=0x00000159e550e7dc method=com.google.common.cache.LocalCache$Segment.put(Ljava/lang/Object;ILjava/lang/Object;Z)Ljava/lang/Object; @ 91 c2
Event: 3374.832 Thread 0x00000159ff8e4d40 DEOPT PACKING pc=0x00000159e550e7dc sp=0x0000004e8c5fafa0
Event: 3374.832 Thread 0x00000159ff8e4d40 DEOPT UNPACKING pc=0x00000159e47e2402 sp=0x0000004e8c5faf38 mode 2
Event: 3383.249 Thread 0x000001598cf21240 Uncommon trap: trap_request=0xffffff45 fr.pc=0x00000159e5c10884 relative=0x0000000000000d84
Event: 3383.249 Thread 0x000001598cf21240 Uncommon trap: reason=unstable_if action=reinterpret pc=0x00000159e5c10884 method=java.util.concurrent.ConcurrentHashMap.compute(Ljava/lang/Object;Ljava/util/function/BiFunction;)Ljava/lang/Object; @ 107 c2
Event: 3383.249 Thread 0x000001598cf21240 DEOPT PACKING pc=0x00000159e5c10884 sp=0x0000004e8dfff3c0
Event: 3383.249 Thread 0x000001598cf21240 DEOPT UNPACKING pc=0x00000159e47e2402 sp=0x0000004e8dfff348 mode 2
Event: 3383.299 Thread 0x00000159ff0c1670 Uncommon trap: trap_request=0xffffffde fr.pc=0x00000159e50d0d0c relative=0x000000000000208c
Event: 3383.299 Thread 0x00000159ff0c1670 Uncommon trap: reason=class_check action=maybe_recompile pc=0x00000159e50d0d0c method=com.google.common.cache.LocalCache$Segment.lockedGetOrLoad(Ljava/lang/Object;ILcom/google/common/cache/CacheLoader;)Ljava/lang/Object; @ 120 c2
Event: 3383.299 Thread 0x00000159ff0c1670 DEOPT PACKING pc=0x00000159e50d0d0c sp=0x0000004e8e6fece0
Event: 3383.299 Thread 0x00000159ff0c1670 DEOPT UNPACKING pc=0x00000159e47e2402 sp=0x0000004e8e6fec70 mode 2
Event: 3383.302 Thread 0x00000159ff5b46d0 Uncommon trap: trap_request=0xffffff45 fr.pc=0x00000159e4e86e40 relative=0x0000000000000240
Event: 3383.302 Thread 0x00000159ff5b46d0 Uncommon trap: reason=unstable_if action=reinterpret pc=0x00000159e4e86e40 method=java.util.concurrent.ConcurrentHashMap.initTable()[Ljava/util/concurrent/ConcurrentHashMap$Node; @ 50 c2
Event: 3383.302 Thread 0x00000159ff5b46d0 DEOPT PACKING pc=0x00000159e4e86e40 sp=0x0000004e8e4febc0
Event: 3383.302 Thread 0x00000159ff5b46d0 DEOPT UNPACKING pc=0x00000159e47e2402 sp=0x0000004e8e4feb30 mode 2

Classes loaded (20 events):
Event: 458.416 Loading class java/math/SignedMutableBigInteger
Event: 458.416 Loading class java/math/SignedMutableBigInteger done
Event: 458.423 Loading class sun/security/rsa/RSACore$BlindingRandomPair
Event: 458.423 Loading class sun/security/rsa/RSACore$BlindingRandomPair done
Event: 1691.236 Loading class java/util/Collections$EmptyListIterator
Event: 1691.236 Loading class java/util/Collections$EmptyListIterator done
Event: 1703.668 Loading class java/rmi/server/Unreferenced
Event: 1703.668 Loading class java/rmi/server/Unreferenced done
Event: 1794.646 Loading class sun/nio/cs/US_ASCII$Decoder
Event: 1794.647 Loading class sun/nio/cs/US_ASCII$Decoder done
Event: 1968.616 Loading class java/nio/channels/FileChannel$MapMode
Event: 1968.616 Loading class java/nio/channels/FileChannel$MapMode done
Event: 1968.616 Loading class jdk/internal/misc/ExtendedMapMode
Event: 1968.616 Loading class jdk/internal/misc/ExtendedMapMode done
Event: 1968.617 Loading class sun/nio/ch/FileChannelImpl$DefaultUnmapper
Event: 1968.617 Loading class sun/nio/ch/FileChannelImpl$Unmapper
Event: 1968.617 Loading class jdk/internal/access/foreign/UnmapperProxy
Event: 1968.617 Loading class jdk/internal/access/foreign/UnmapperProxy done
Event: 1968.617 Loading class sun/nio/ch/FileChannelImpl$Unmapper done
Event: 1968.617 Loading class sun/nio/ch/FileChannelImpl$DefaultUnmapper done

Classes unloaded (20 events):
Event: 3085.414 Thread 0x00000159f243a3e0 Unloading class 0x0000000022491000 'java/lang/invoke/LambdaForm$MH+0x0000000022491000'
Event: 3085.414 Thread 0x00000159f243a3e0 Unloading class 0x0000000023914000 'java/lang/invoke/LambdaForm$MH+0x0000000023914000'
Event: 3086.173 Thread 0x00000159f243a3e0 Unloading class 0x00000000228a5400 'java/lang/invoke/LambdaForm$MH+0x00000000228a5400'
Event: 3086.173 Thread 0x00000159f243a3e0 Unloading class 0x00000000228e1000 'java/lang/invoke/LambdaForm$MH+0x00000000228e1000'
Event: 3086.173 Thread 0x00000159f243a3e0 Unloading class 0x00000000228e1800 'java/lang/invoke/LambdaForm$MH+0x00000000228e1800'
Event: 3086.173 Thread 0x00000159f243a3e0 Unloading class 0x0000000022931400 'java/lang/invoke/LambdaForm$MH+0x0000000022931400'
Event: 3086.173 Thread 0x00000159f243a3e0 Unloading class 0x000000002298b400 'java/lang/invoke/LambdaForm$MH+0x000000002298b400'
Event: 3086.173 Thread 0x00000159f243a3e0 Unloading class 0x0000000022998000 'java/lang/invoke/LambdaForm$MH+0x0000000022998000'
Event: 3086.173 Thread 0x00000159f243a3e0 Unloading class 0x0000000022998c00 'java/lang/invoke/LambdaForm$MH+0x0000000022998c00'
Event: 3086.174 Thread 0x00000159f243a3e0 Unloading class 0x0000000022999800 'java/lang/invoke/LambdaForm$MH+0x0000000022999800'
Event: 3086.174 Thread 0x00000159f243a3e0 Unloading class 0x000000002299a000 'java/lang/invoke/LambdaForm$MH+0x000000002299a000'
Event: 3086.174 Thread 0x00000159f243a3e0 Unloading class 0x00000000229a1800 'java/lang/invoke/LambdaForm$MH+0x00000000229a1800'
Event: 3086.174 Thread 0x00000159f243a3e0 Unloading class 0x00000000229a2400 'java/lang/invoke/LambdaForm$MH+0x00000000229a2400'
Event: 3086.174 Thread 0x00000159f243a3e0 Unloading class 0x00000000229a2800 'java/lang/invoke/LambdaForm$MH+0x00000000229a2800'
Event: 3086.174 Thread 0x00000159f243a3e0 Unloading class 0x00000000229ad800 'java/lang/invoke/LambdaForm$MH+0x00000000229ad800'
Event: 3086.174 Thread 0x00000159f243a3e0 Unloading class 0x00000000229ae400 'java/lang/invoke/LambdaForm$MH+0x00000000229ae400'
Event: 3086.174 Thread 0x00000159f243a3e0 Unloading class 0x00000000229af000 'java/lang/invoke/LambdaForm$MH+0x00000000229af000'
Event: 3086.174 Thread 0x00000159f243a3e0 Unloading class 0x00000000229af800 'java/lang/invoke/LambdaForm$MH+0x00000000229af800'
Event: 3086.174 Thread 0x00000159f243a3e0 Unloading class 0x00000000229b1800 'java/lang/invoke/LambdaForm$MH+0x00000000229b1800'
Event: 3086.174 Thread 0x00000159f243a3e0 Unloading class 0x00000000229b2400 'java/lang/invoke/LambdaForm$MH+0x00000000229b2400'

Classes redefined (0 events):
No events

Internal exceptions (20 events):
Event: 3631.041 Thread 0x000001598b8107d0 Exception <a 'sun/nio/fs/WindowsException'{0x00000000a19e13e0}> (0x00000000a19e13e0) 
thrown [s\src\hotspot\share\prims\jni.cpp, line 516]
Event: 3631.041 Thread 0x000001598b8107d0 Exception <a 'sun/nio/fs/WindowsException'{0x00000000a19e2a10}> (0x00000000a19e2a10) 
thrown [s\src\hotspot\share\prims\jni.cpp, line 516]
Event: 3631.065 Thread 0x000001598b8107d0 Exception <a 'sun/nio/fs/WindowsException'{0x00000000a0bda090}> (0x00000000a0bda090) 
thrown [s\src\hotspot\share\prims\jni.cpp, line 516]
Event: 3631.066 Thread 0x000001598b8107d0 Exception <a 'sun/nio/fs/WindowsException'{0x00000000a0bdb488}> (0x00000000a0bdb488) 
thrown [s\src\hotspot\share\prims\jni.cpp, line 516]
Event: 3631.066 Thread 0x000001598b8107d0 Exception <a 'sun/nio/fs/WindowsException'{0x00000000a0bdd4d0}> (0x00000000a0bdd4d0) 
thrown [s\src\hotspot\share\prims\jni.cpp, line 516]
Event: 3631.756 Thread 0x000001598b8107d0 Exception <a 'sun/nio/fs/WindowsException'{0x000000009e45c0a8}> (0x000000009e45c0a8) 
thrown [s\src\hotspot\share\prims\jni.cpp, line 516]
Event: 3631.815 Thread 0x000001598b413850 Exception <a 'sun/nio/fs/WindowsException'{0x000000009ddad460}> (0x000000009ddad460) 
thrown [s\src\hotspot\share\prims\jni.cpp, line 516]
Event: 3631.815 Thread 0x000001598b413850 Exception <a 'sun/nio/fs/WindowsException'{0x000000009ddadf18}> (0x000000009ddadf18) 
thrown [s\src\hotspot\share\prims\jni.cpp, line 516]
Event: 3631.815 Thread 0x000001598b413850 Exception <a 'sun/nio/fs/WindowsException'{0x000000009ddaea48}> (0x000000009ddaea48) 
thrown [s\src\hotspot\share\prims\jni.cpp, line 516]
Event: 3631.818 Thread 0x000001598b413850 Exception <a 'sun/nio/fs/WindowsException'{0x000000009ddc5568}> (0x000000009ddc5568) 
thrown [s\src\hotspot\share\prims\jni.cpp, line 516]
Event: 3631.819 Thread 0x000001598b413850 Exception <a 'sun/nio/fs/WindowsException'{0x000000009ddd72f8}> (0x000000009ddd72f8) 
thrown [s\src\hotspot\share\prims\jni.cpp, line 516]
Event: 3634.803 Thread 0x000001598bbae080 Exception <a 'java/lang/InterruptedException'{0x000000009b526798}> (0x000000009b526798) 
thrown [s\src\hotspot\share\runtime\objectMonitor.cpp, line 1972]
Event: 3640.094 Thread 0x000001598b8107d0 Exception <a 'sun/nio/fs/WindowsException'{0x000000009b0a0d00}> (0x000000009b0a0d00) 
thrown [s\src\hotspot\share\prims\jni.cpp, line 516]
Event: 3640.105 Thread 0x000001598b8107d0 Exception <a 'sun/nio/fs/WindowsException'{0x000000009accb6b0}> (0x000000009accb6b0) 
thrown [s\src\hotspot\share\prims\jni.cpp, line 516]
Event: 3640.147 Thread 0x000001598b413850 Exception <a 'sun/nio/fs/WindowsException'{0x000000009a884c50}> (0x000000009a884c50) 
thrown [s\src\hotspot\share\prims\jni.cpp, line 516]
Event: 3640.147 Thread 0x000001598b413850 Exception <a 'sun/nio/fs/WindowsException'{0x000000009a885708}> (0x000000009a885708) 
thrown [s\src\hotspot\share\prims\jni.cpp, line 516]
Event: 3640.147 Thread 0x000001598b413850 Exception <a 'sun/nio/fs/WindowsException'{0x000000009a886238}> (0x000000009a886238) 
thrown [s\src\hotspot\share\prims\jni.cpp, line 516]
Event: 3640.150 Thread 0x000001598b413850 Exception <a 'sun/nio/fs/WindowsException'{0x000000009a89cb00}> (0x000000009a89cb00) 
thrown [s\src\hotspot\share\prims\jni.cpp, line 516]
Event: 3640.151 Thread 0x000001598b413850 Exception <a 'sun/nio/fs/WindowsException'{0x000000009a8a0bd0}> (0x000000009a8a0bd0) 
thrown [s\src\hotspot\share\prims\jni.cpp, line 516]
Event: 3700.696 Thread 0x00000159ff0be790 Exception <a 'sun/nio/fs/WindowsException'{0x0000000098708d60}> (0x0000000098708d60) 
thrown [s\src\hotspot\share\prims\jni.cpp, line 516]

VM Operations (20 events):
Event: 3427.881 Executing non-safepoint VM operation: RendezvousGCThreads
Event: 3427.881 Executing non-safepoint VM operation: RendezvousGCThreads done
Event: 3488.051 Executing non-safepoint VM operation: HandshakeAllThreads (HandshakeForDeflation)
Event: 3488.051 Executing non-safepoint VM operation: HandshakeAllThreads (HandshakeForDeflation) done
Event: 3488.051 Executing non-safepoint VM operation: RendezvousGCThreads
Event: 3488.051 Executing non-safepoint VM operation: RendezvousGCThreads done
Event: 3548.100 Executing non-safepoint VM operation: HandshakeAllThreads (HandshakeForDeflation)
Event: 3548.100 Executing non-safepoint VM operation: HandshakeAllThreads (HandshakeForDeflation) done
Event: 3548.100 Executing non-safepoint VM operation: RendezvousGCThreads
Event: 3548.100 Executing non-safepoint VM operation: RendezvousGCThreads done
Event: 3608.136 Executing non-safepoint VM operation: HandshakeAllThreads (HandshakeForDeflation)
Event: 3608.136 Executing non-safepoint VM operation: HandshakeAllThreads (HandshakeForDeflation) done
Event: 3608.136 Executing non-safepoint VM operation: RendezvousGCThreads
Event: 3608.136 Executing non-safepoint VM operation: RendezvousGCThreads done
Event: 3620.738 Executing safepoint VM operation: G1CollectForAllocation (G1 Evacuation Pause)
Event: 3620.761 Executing safepoint VM operation: G1CollectForAllocation (G1 Evacuation Pause) done
Event: 3668.387 Executing non-safepoint VM operation: HandshakeAllThreads (HandshakeForDeflation)
Event: 3668.387 Executing non-safepoint VM operation: HandshakeAllThreads (HandshakeForDeflation) done
Event: 3668.387 Executing non-safepoint VM operation: RendezvousGCThreads
Event: 3668.387 Executing non-safepoint VM operation: RendezvousGCThreads done

Memory protections (0 events):
No events

Nmethod flushes (20 events):
Event: 3373.892 Thread 0x00000159f243a3e0 flushing  nmethod 0x00000159df31a588
Event: 3373.892 Thread 0x00000159f243a3e0 flushing  nmethod 0x00000159df31a908
Event: 3373.892 Thread 0x00000159f243a3e0 flushing  nmethod 0x00000159df31ac08
Event: 3373.892 Thread 0x00000159f243a3e0 flushing  nmethod 0x00000159df31ba08
Event: 3373.892 Thread 0x00000159f243a3e0 flushing  nmethod 0x00000159df31be08
Event: 3373.892 Thread 0x00000159f243a3e0 flushing  nmethod 0x00000159df31c708
Event: 3373.892 Thread 0x00000159f243a3e0 flushing  nmethod 0x00000159df34f008
Event: 3373.892 Thread 0x00000159f243a3e0 flushing  nmethod 0x00000159df34f308
Event: 3373.892 Thread 0x00000159f243a3e0 flushing  nmethod 0x00000159df34ff88
Event: 3373.892 Thread 0x00000159f243a3e0 flushing  nmethod 0x00000159df350708
Event: 3373.892 Thread 0x00000159f243a3e0 flushing  nmethod 0x00000159df350a08
Event: 3373.892 Thread 0x00000159f243a3e0 flushing  nmethod 0x00000159df374c88
Event: 3373.892 Thread 0x00000159f243a3e0 flushing  nmethod 0x00000159df375688
Event: 3373.892 Thread 0x00000159f243a3e0 flushing  nmethod 0x00000159df376a08
Event: 3373.892 Thread 0x00000159f243a3e0 flushing  nmethod 0x00000159df376d08
Event: 3373.892 Thread 0x00000159f243a3e0 flushing  nmethod 0x00000159df378088
Event: 3373.892 Thread 0x00000159f243a3e0 flushing  nmethod 0x00000159df40eb08
Event: 3373.892 Thread 0x00000159f243a3e0 flushing  nmethod 0x00000159df40ee08
Event: 3373.892 Thread 0x00000159f243a3e0 flushing  nmethod 0x00000159df40f988
Event: 3373.892 Thread 0x00000159f243a3e0 flushing  nmethod 0x00000159df4df508

Events (20 events):
Event: 3700.691 Thread 0x00000159ff5b6610 Thread added: 0x00000159ff0c06d0
Event: 3700.691 Thread 0x00000159ff5b6610 Thread added: 0x00000159ff0bef60
Event: 3700.691 Thread 0x00000159ff5b6610 Thread added: 0x00000159fa7cfee0
Event: 3700.691 Thread 0x00000159ff5b6610 Thread added: 0x00000159fa7ce770
Event: 3700.691 Thread 0x00000159ff5b6610 Thread added: 0x00000159fd0b1e30
Event: 3700.691 Thread 0x00000159ff5b6610 Thread added: 0x00000159fd0b2dd0
Event: 3700.691 Thread 0x00000159ff5b5670 Thread added: 0x0000015985e41f50
Event: 3700.697 Thread 0x00000159fd0b2dd0 Thread added: 0x00000159fd0b0e90
Event: 3700.697 Thread 0x00000159fd0b2dd0 Thread added: 0x00000159fd0b1660
Event: 3700.697 Thread 0x00000159fd0b2dd0 Thread added: 0x00000159fd0b35a0
Event: 3700.697 Thread 0x00000159fd0b2dd0 Thread added: 0x00000159fd0b3d70
Event: 3700.697 Thread 0x00000159fd0b2dd0 Thread added: 0x000001598b02abc0
Event: 3700.697 Thread 0x00000159fd0b2dd0 Thread added: 0x000001598b02b390
Event: 3700.697 Thread 0x00000159fd0b2dd0 Thread added: 0x000001598b0284b0
Event: 3700.698 Thread 0x00000159fd0b2dd0 Thread added: 0x000001598b029450
Event: 3700.698 Thread 0x00000159fd0b2dd0 Thread added: 0x000001598b537930
Event: 3700.698 Thread 0x00000159fd0b2dd0 Thread added: 0x000001598b7f04b0
Event: 3700.698 Thread 0x00000159fd0b2dd0 Thread added: 0x000001598b7f0c80
Event: 3700.698 Thread 0x00000159fd0b2dd0 Thread added: 0x000001598b7f3390
Event: 3700.708 Thread 0x00000159ff5b3f00 Thread added: 0x000001598b8107d0


Dynamic libraries:
0x00007ff679290000 - 0x00007ff67929e000 	D:\Gradle\.gradle\jdks\eclipse_adoptium-25-amd64-windows.2\bin\java.exe
0x00007ffa09c40000 - 0x00007ffa09ea7000 	C:\Windows\SYSTEM32\ntdll.dll
0x00007ffa08580000 - 0x00007ffa0864b000 	C:\Windows\System32\KERNEL32.DLL
0x00007ffa074c0000 - 0x00007ffa078c2000 	C:\Windows\System32\KERNELBASE.dll
0x00007ffa07360000 - 0x00007ffa074ac000 	C:\Windows\System32\ucrtbase.dll
0x00007ff9f9a10000 - 0x00007ff9f9a26000 	D:\Gradle\.gradle\jdks\eclipse_adoptium-25-amd64-windows.2\bin\jli.dll
0x00007ff9f9a80000 - 0x00007ff9f9a9e000 	D:\Gradle\.gradle\jdks\eclipse_adoptium-25-amd64-windows.2\bin\VCRUNTIME140.dll
0x00007ffa08650000 - 0x00007ffa0881f000 	C:\Windows\System32\USER32.dll
0x00007ff9e2120000 - 0x00007ff9e23b0000 	C:\Windows\WinSxS\amd64_microsoft.windows.common-controls_6595b64144ccf1df_6.0.26100.9278_none_3e0d1ba8e3303201\COMCTL32.dll
0x00007ffa07090000 - 0x00007ffa070b7000 	C:\Windows\System32\win32u.dll
0x00007ffa07b80000 - 0x00007ffa07c29000 	C:\Windows\System32\msvcrt.dll
0x00007ffa08060000 - 0x00007ffa0808b000 	C:\Windows\System32\GDI32.dll
0x00007ffa070c0000 - 0x00007ffa071e9000 	C:\Windows\System32\gdi32full.dll
0x00007ffa072b0000 - 0x00007ffa07353000 	C:\Windows\System32\msvcp_win.dll
0x00007ffa08000000 - 0x00007ffa08031000 	C:\Windows\System32\IMM32.DLL
0x00007ff9f16f0000 - 0x00007ff9f16fc000 	D:\Gradle\.gradle\jdks\eclipse_adoptium-25-amd64-windows.2\bin\vcruntime140_1.dll
0x00007ff98bd10000 - 0x00007ff98bd9d000 	D:\Gradle\.gradle\jdks\eclipse_adoptium-25-amd64-windows.2\bin\msvcp140.dll
0x00007ff8cded0000 - 0x00007ff8cedfa000 	D:\Gradle\.gradle\jdks\eclipse_adoptium-25-amd64-windows.2\bin\server\jvm.dll
0x00007ffa08090000 - 0x00007ffa0814c000 	C:\Windows\System32\ADVAPI32.dll
0x00007ffa08b60000 - 0x00007ffa08c09000 	C:\Windows\System32\sechost.dll
0x00007ffa083b0000 - 0x00007ffa084c8000 	C:\Windows\System32\RPCRT4.dll
0x00007ffa08a10000 - 0x00007ffa08a90000 	C:\Windows\System32\WS2_32.dll
0x00007ffa06ca0000 - 0x00007ffa06cfe000 	C:\Windows\SYSTEM32\POWRPROF.dll
0x00007ff9f00d0000 - 0x00007ff9f00db000 	C:\Windows\SYSTEM32\VERSION.dll
0x00007ff9f2400000 - 0x00007ff9f2436000 	C:\Windows\SYSTEM32\WINMM.dll
0x00007ffa06c80000 - 0x00007ffa06c95000 	C:\Windows\SYSTEM32\UMPDC.dll
0x00007ffa05b10000 - 0x00007ffa05b2b000 	C:\Windows\SYSTEM32\kernel.appcore.dll
0x00007ff9f16e0000 - 0x00007ff9f16ea000 	D:\Gradle\.gradle\jdks\eclipse_adoptium-25-amd64-windows.2\bin\jimage.dll
0x00007ffa042b0000 - 0x00007ffa044fc000 	C:\Windows\SYSTEM32\DBGHELP.DLL
0x00007ffa093e0000 - 0x00007ffa09765000 	C:\Windows\System32\combase.dll
0x00007ffa081c0000 - 0x00007ffa08299000 	C:\Windows\System32\OLEAUT32.dll
0x00007ff9f1190000 - 0x00007ff9f11cb000 	C:\Windows\SYSTEM32\dbgcore.DLL
0x00007ffa071f0000 - 0x00007ffa0729c000 	C:\Windows\System32\bcryptPrimitives.dll
0x00007ff9e96d0000 - 0x00007ff9e96df000 	D:\Gradle\.gradle\jdks\eclipse_adoptium-25-amd64-windows.2\bin\instrument.dll
0x00007ff9e9600000 - 0x00007ff9e961e000 	D:\Gradle\.gradle\jdks\eclipse_adoptium-25-amd64-windows.2\bin\java.dll
0x00007ffa07c30000 - 0x00007ffa07dca000 	C:\Windows\System32\ole32.dll
0x00007ffa08c20000 - 0x00007ffa093b8000 	C:\Windows\System32\SHELL32.dll
0x00007ffa04870000 - 0x00007ffa0511e000 	C:\Windows\SYSTEM32\windows.storage.dll
0x00007ffa07a80000 - 0x00007ffa07b7b000 	C:\Windows\System32\SHCORE.dll
0x00007ffa08830000 - 0x00007ffa08896000 	C:\Windows\System32\shlwapi.dll
0x00007ffa06d60000 - 0x00007ffa06d89000 	C:\Windows\SYSTEM32\profapi.dll
0x00007ff9e95a0000 - 0x00007ff9e95b6000 	D:\Gradle\.gradle\jdks\eclipse_adoptium-25-amd64-windows.2\bin\zip.dll
0x00007ff9e9320000 - 0x00007ff9e9331000 	D:\Gradle\.gradle\jdks\eclipse_adoptium-25-amd64-windows.2\bin\net.dll
0x00007ffa060d0000 - 0x00007ffa0613c000 	C:\Windows\system32\mswsock.dll
0x00007ff9e9300000 - 0x00007ff9e9316000 	D:\Gradle\.gradle\jdks\eclipse_adoptium-25-amd64-windows.2\bin\nio.dll
0x00007ff9cbe10000 - 0x00007ff9cbe20000 	D:\Gradle\.gradle\jdks\eclipse_adoptium-25-amd64-windows.2\bin\verify.dll
0x00007ff9a5f80000 - 0x00007ff9a5fa7000 	D:\Gradle\.gradle\native\660c5614fbf4a5f2a75b1949f50a0caf5cd603558e7d8a26e50b933a0cfb79d1\windows-amd64\native-platform.dll
0x00007ff8d98d0000 - 0x00007ff8d9947000 	D:\Gradle\.gradle\native\0.2.8\x86_64-windows-gnu\gradle-fileevents.dll
0x00007ff9cbe00000 - 0x00007ff9cbe0a000 	D:\Gradle\.gradle\jdks\eclipse_adoptium-25-amd64-windows.2\bin\management.dll
0x00007ff9cb300000 - 0x00007ff9cb30c000 	D:\Gradle\.gradle\jdks\eclipse_adoptium-25-amd64-windows.2\bin\management_ext.dll
0x00007ffa08a00000 - 0x00007ffa08a08000 	C:\Windows\System32\PSAPI.DLL
0x00007ffa054f0000 - 0x00007ffa05523000 	C:\Windows\SYSTEM32\IPHLPAPI.DLL
0x00007ffa08c10000 - 0x00007ffa08c1a000 	C:\Windows\System32\NSI.dll
0x00007ff9cb2f0000 - 0x00007ff9cb2f9000 	D:\Gradle\.gradle\jdks\eclipse_adoptium-25-amd64-windows.2\bin\extnet.dll
0x00007ffa063e0000 - 0x00007ffa063fb000 	C:\Windows\SYSTEM32\CRYPTSP.dll
0x00007ffa05a70000 - 0x00007ffa05aa9000 	C:\Windows\system32\rsaenh.dll
0x00007ffa06180000 - 0x00007ffa061b4000 	C:\Windows\SYSTEM32\USERENV.dll
0x00007ffa06d30000 - 0x00007ffa06d5a000 	C:\Windows\SYSTEM32\bcrypt.dll
0x00007ffa063c0000 - 0x00007ffa063cc000 	C:\Windows\SYSTEM32\CRYPTBASE.dll
0x00007ff9cb0c0000 - 0x00007ff9cb0ce000 	D:\Gradle\.gradle\jdks\eclipse_adoptium-25-amd64-windows.2\bin\sunmscapi.dll
0x00007ffa06e40000 - 0x00007ffa06fbe000 	C:\Windows\System32\CRYPT32.dll
0x00007ffa06600000 - 0x00007ffa06630000 	C:\Windows\SYSTEM32\ncrypt.dll
0x00007ffa065b0000 - 0x00007ffa065ef000 	C:\Windows\SYSTEM32\NTASN1.dll
0x00007ff9c0a90000 - 0x00007ff9c0a98000 	C:\Windows\system32\wshunix.dll
0x00007ff9d5e90000 - 0x00007ff9d5ea8000 	C:\Windows\system32\napinsp.dll
0x00007ffa05590000 - 0x00007ffa056e8000 	C:\Windows\SYSTEM32\DNSAPI.dll
0x00007ffa05eb0000 - 0x00007ffa05ebd000 	C:\Windows\SYSTEM32\DSPARSE.dll
0x00007ff9cbfd0000 - 0x00007ff9cbfe3000 	C:\Windows\System32\winrnr.dll
0x00007ff9cbfa0000 - 0x00007ff9cbfc7000 	C:\Windows\system32\nlansp_c.dll
0x00007ff9f4950000 - 0x00007ff9f4966000 	C:\Windows\system32\wshbth.dll
0x00007ffa02160000 - 0x00007ffa0216b000 	C:\Windows\System32\rasadhlp.dll
0x00007ff9f98e0000 - 0x00007ff9f9966000 	C:\Windows\System32\fwpuclnt.dll
0x00007ff9f4830000 - 0x00007ff9f4837000 	D:\Gradle\.gradle\jdks\eclipse_adoptium-25-amd64-windows.2\bin\rmi.dll
0x00007ffa05c40000 - 0x00007ffa05c76000 	C:\Windows\SYSTEM32\ntmarta.dll

JVMTI agents:
D:\Gradle\.gradle\wrapper\dists\gradle-9.6.0-bin\42k10rwplmzkhuboz9kdazi7s\gradle-9.6.0\lib\agents\gradle-instrumentation-agent-9.6.0.jar path:D:\Gradle\.gradle\jdks\eclipse_adoptium-25-amd64-windows.2\bin\instrument.dll, loaded, initialized, instrumentlib options:none

dbghelp: loaded successfully - version: 4.0.5 - missing functions: none
symbol engine: initialized successfully - sym options: 0x614 - pdb path: .;D:\Gradle\.gradle\jdks\eclipse_adoptium-25-amd64-windows.2\bin;C:\Windows\SYSTEM32;C:\Windows\WinSxS\amd64_microsoft.windows.common-controls_6595b64144ccf1df_6.0.26100.9278_none_3e0d1ba8e3303201;D:\Gradle\.gradle\jdks\eclipse_adoptium-25-amd64-windows.2\bin\server;D:\Gradle\.gradle\native\660c5614fbf4a5f2a75b1949f50a0caf5cd603558e7d8a26e50b933a0cfb79d1\windows-amd64;D:\Gradle\.gradle\native\0.2.8\x86_64-windows-gnu

VM Arguments:
jvm_args: --add-opens=java.base/java.lang=ALL-UNNAMED --add-opens=java.base/java.lang.invoke=ALL-UNNAMED --add-opens=java.base/java.util=ALL-UNNAMED --add-opens=java.prefs/java.util.prefs=ALL-UNNAMED --add-exports=jdk.compiler/com.sun.tools.javac.api=ALL-UNNAMED --add-exports=jdk.compiler/com.sun.tools.javac.util=ALL-UNNAMED --add-opens=java.base/java.nio.charset=ALL-UNNAMED --add-opens=java.base/java.net=ALL-UNNAMED --add-opens=java.base/java.util.concurrent=ALL-UNNAMED --add-opens=java.base/java.util.concurrent.atomic=ALL-UNNAMED --add-opens=java.xml/javax.xml.namespace=ALL-UNNAMED --add-opens=java.base/java.time=ALL-UNNAMED --enable-native-access=ALL-UNNAMED -Xmx2048m -Dfile.encoding=UTF-8 -Duser.country=CN -Duser.language=zh -Duser.variant -javaagent:D:\Gradle\.gradle\wrapper\dists\gradle-9.6.0-bin\42k10rwplmzkhuboz9kdazi7s\gradle-9.6.0\lib\agents\gradle-instrumentation-agent-9.6.0.jar 
java_command: org.gradle.launcher.daemon.bootstrap.GradleDaemon 9.6.0
java_class_path (initial): D:\Gradle\.gradle\wrapper\dists\gradle-9.6.0-bin\42k10rwplmzkhuboz9kdazi7s\gradle-9.6.0\lib\gradle-daemon-main-9.6.0.jar
Launcher Type: SUN_STANDARD

[Global flags]
     intx CICompilerCount                          = 4                                         {product} {ergonomic}
     uint ConcGCThreads                            = 3                                         {product} {ergonomic}
     uint G1ConcRefinementThreads                  = 11                                        {product} {ergonomic}
   size_t G1HeapRegionSize                         = 1048576                                   {product} {ergonomic}
   size_t InitialHeapSize                          = 528482304                                 {product} {ergonomic}
   size_t MarkStackSize                            = 4194304                                   {product} {ergonomic}
   size_t MarkStackSizeMax                         = 536870912                                 {product} {ergonomic}
   size_t MaxHeapSize                              = 2147483648                                {product} {command line}
   size_t MaxNewSize                               = 1287651328                                {product} {ergonomic}
   size_t MinHeapDeltaBytes                        = 1048576                                   {product} {ergonomic}
   size_t MinHeapSize                              = 8388608                                   {product} {ergonomic}
    uintx NonNMethodCodeHeapSize                   = 5898240                                {pd product} {ergonomic}
    uintx NonProfiledCodeHeapSize                  = 122945536                              {pd product} {ergonomic}
    uintx ProfiledCodeHeapSize                     = 122945536                              {pd product} {ergonomic}
    uintx ReservedCodeCacheSize                    = 251789312                              {pd product} {ergonomic}
     bool SegmentedCodeCache                       = true                                      {product} {ergonomic}
   size_t SoftMaxHeapSize                          = 2147483648                             {manageable} {ergonomic}
     bool UseCompressedOops                        = true                           {product lp64_product} {ergonomic}
     bool UseG1GC                                  = true                                      {product} {ergonomic}
     bool UseLargePagesIndividualAllocation        = false                                  {pd product} {ergonomic}

Logging:
Log output configuration:
 #0: stdout all=warning uptime,level,tags foldmultilines=false
 #1: stderr all=off uptime,level,tags foldmultilines=false

Release file:
IMPLEMENTOR="Eclipse Adoptium" 
IMPLEMENTOR_VERSION="Temurin-25.0.3+9" 
JAVA_RUNTIME_VERSION="25.0.3+9-LTS" 
JAVA_VERSION="25.0.3" 
JAVA_VERSION_DATE="2026-04-21" 
LIBC="default" 
MODULES="java.base java.compiler java.datatransfer java.xml java.prefs java.desktop java.instrument java.logging java.management java.security.sasl java.naming java.rmi java.management.rmi java.net.http java.scripting java.security.jgss java.transaction.xa java.sql java.sql.rowset java.xml.crypto java.se java.smartcardio jdk.accessibility jdk.internal.jvmstat jdk.attach jdk.charsets jdk.internal.opt jdk.zipfs jdk.compiler jdk.crypto.cryptoki jdk.crypto.ec jdk.crypto.mscapi jdk.dynalink jdk.internal.ed jdk.editpad jdk.internal.vm.ci jdk.graal.compiler jdk.graal.compiler.management jdk.hotspot.agent jdk.httpserver jdk.incubator.vector jdk.internal.le jdk.internal.md jdk.jartool jdk.javadoc jdk.jcmd jdk.management jdk.management.agent jdk.jconsole jdk.jdeps jdk.jdwp.agent jdk.jdi jdk.jfr jdk.jlink jdk.jpackage jdk.jshell jdk.jsobject jdk.jstatd jdk.localedata jdk.management.jfr jdk.naming.dns jdk.naming.rmi jdk.net jdk.nio.mapmode jdk.sctp jdk.security.auth jdk.security.jgss jdk.unsupported jdk.unsupported.desktop jdk.xml.dom" 
OS_ARCH="x86_64" 
OS_NAME="Windows" 
SOURCE=".:git:cda0a1776184" 
BUILD_SOURCE="git:a612825ee82a20ac872d60958c349854c1f29a8e"
BUILD_SOURCE_REPO="https://github.com/adoptium/temurin-build.git"
SOURCE_REPO="https://github.com/adoptium/jdk25u.git"
FULL_VERSION="25.0.3+9-LTS"
SEMANTIC_VERSION="25.0.3+9"
BUILD_INFO="OS: Windows Server 2022 Version: 10.0"
JVM_VARIANT="Hotspot"
JVM_VERSION="25.0.3+9-LTS"
IMAGE_TYPE="JDK"

Environment Variables:
JAVA_HOME=P:\Java
PATH=P:\Java\bin;C:\Program Files\Common Files\Oracle\Java\javapath;C:\Windows\system32;C:\Windows;C:\Windows\System32\Wbem;C:\Windows\System32\WindowsPowerShell\v1.0\;C:\Windows\System32\OpenSSH\;P:\Windows Kits\10\Windows Performance Toolkit\;P:\Program Files\Git\cmd;C:\Program Files\PowerShell\7\;P:\Developer\MinGW\bin\;C:\Program Files\dotnet\;P:\Program Files\nodejs\;C:\Users\12944\.mimocode\bin;C:\Users\12944\AppData\Local\Programs\Python\Python313\Scripts\;C:\Users\12944\AppData\Local\Programs\Python\Python313\;C:\Users\12944\AppData\Local\Programs\Python\Launcher\;C:\Users\12944\AppData\Local\Microsoft\WindowsApps;C:\Users\12944\AppData\Local\Programs\Microsoft VS Code\bin;%DevEco Studio%;P:\Developer\MinGW\bin\;C:\Users\12944\AppData\Roaming\npm;C:\Users\12944\.dotnet\tools;C:\Users\12944\AppData\Local\JetBrains\Toolbox\scripts;
USERNAME=12944
OS=Windows_NT
PROCESSOR_IDENTIFIER=Intel64 Family 6 Model 197 Stepping 2, GenuineIntel
TMP=C:\Users\12944\AppData\Local\Temp
TEMP=C:\Users\12944\AppData\Local\Temp




Compilation memory statistics disabled.

Periodic native trim disabled

---------------  S Y S T E M  ---------------

OS:
 Windows 11 , 64 bit Build 26100 (10.0.26100.9444)
OS uptime: 0 days 8:01 hours
Hyper-V role detected

CPU: total 14 (initial active 14) (14 cores per cpu, 1 threads per core) family 6 model 197 stepping 2 microcode 0x11b, cx8, cmov, fxsr, mmx, 3dnowpref, sse, sse2, sse3, ssse3, sse4.1, sse4.2, popcnt, lzcnt, tsc, tscinvbit, avx, avx2, aes, erms, clmul, bmi1, bmi2, adx, sha, fma, vzeroupper, clflush, clflushopt, clwb, hv, serialize, rdtscp, rdpid, fsrm, gfni, f16c, cet_ibt, cet_ss, avx_ifma
Processor Information for processor 0
  Max Mhz: 1700, Current Mhz: 1700, Mhz Limit: 1700
Processor Information for processor 1
  Max Mhz: 1700, Current Mhz: 1700, Mhz Limit: 1700
Processor Information for processor 2
  Max Mhz: 1300, Current Mhz: 1300, Mhz Limit: 1300
Processor Information for processor 3
  Max Mhz: 1300, Current Mhz: 1300, Mhz Limit: 1300
Processor Information for processor 4
  Max Mhz: 1300, Current Mhz: 1300, Mhz Limit: 1300
Processor Information for processor 5
  Max Mhz: 1300, Current Mhz: 1300, Mhz Limit: 1300
Processor Information for processor 6
  Max Mhz: 1300, Current Mhz: 1300, Mhz Limit: 1300
Processor Information for processor 7
  Max Mhz: 1300, Current Mhz: 1300, Mhz Limit: 1300
Processor Information for processor 8
  Max Mhz: 1300, Current Mhz: 1300, Mhz Limit: 1300
Processor Information for processor 9
  Max Mhz: 1300, Current Mhz: 1300, Mhz Limit: 1300
Processor Information for processor 10
  Max Mhz: 1700, Current Mhz: 1700, Mhz Limit: 1700
Processor Information for processor 11
  Max Mhz: 1700, Current Mhz: 1700, Mhz Limit: 1700
Processor Information for processor 12
  Max Mhz: 700, Current Mhz: 700, Mhz Limit: 700
Processor Information for processor 13
  Max Mhz: 700, Current Mhz: 700, Mhz Limit: 700

Memory: 4k page, system-wide physical 32189M (490M free)
TotalPageFile size 57189M (AvailPageFile size 0M)
current process WorkingSet (physical memory assigned to process): 1017M, peak: 1028M
current process commit charge ("private bytes"): 1184M, peak: 1220M

vm_info: OpenJDK 64-Bit Server VM (25.0.3+9-LTS) for windows-amd64 JRE (25.0.3+9-LTS), built on 2026-04-21T00:00:00Z with MS VC++ 17.12 (VS2022)

END.
